URL,Field1,Field2,Field4,Field5,Field6
"https://www.glassdoor.com/Overview/Working-at-2Degrees-Investing-Initiative-EI_IE1172847.11,40.htm",4.2 ★,2Degrees Investing Initiative,"Research & Development
1 to 50 Employees","Headquarters near Berlin, Germany",19 Reviews28 Salaries0 Jobs
"https://www.glassdoor.com/Overview/Working-at-ACC-Automotive-Cells-Company-EI_IE4956923.11,39.htm",3.5 ★,ACC – Automotive Cells Company,"Chemical Manufacturing
501 to 1K Employees","Headquarters near Bordeaux, France",9 Reviews17 Salaries199 Jobs
"https://www.glassdoor.com/Overview/Working-at-Accelite-EI_IE2416016.11,19.htm",3.8 ★,Accelite,"Information Technology Support Services
1 to 50 Employees","Headquarters near Paris, France",0 Reviews7 Salaries43 Jobs
"https://www.glassdoor.com/Overview/Working-at-Actinvision-EI_IE1900256.11,22.htm",4.3 ★,Actinvision,"Information Technology Support Services
51 to 200 Employees","Headquarters near Strasbourg, France",7 Reviews18 Salaries16 Jobs
"https://www.glassdoor.com/Overview/Working-at-Advanced-Schema-EI_IE1138800.11,26.htm",3.6 ★,Advanced Schema,201 to 500 Employees,"Headquarters near Levallois-Perret, France",25 Reviews51 Salaries3 Jobs
"https://www.glassdoor.com/Overview/Working-at-Airbus-EI_IE3059.11,17.htm",4.1 ★,Airbus,"Aerospace & Defense
10K+ Employees","Headquarters near Toulouse, France",6K Reviews11K Salaries3K Jobs
"https://www.glassdoor.com/Overview/Working-at-AKUR8-EI_IE3051575.11,16.htm",4.8 ★,AKUR8,"Insurance Carriers
1 to 50 Employees","Headquarters near Paris, France",21 Reviews27 Salaries5 Jobs
"https://www.glassdoor.com/Overview/Working-at-Altaide-EI_IE655468.11,18.htm",5.0 ★,Altaide,"HR Consulting
1 to 50 Employees","Headquarters near Paris, France",5 Reviews7 Salaries30 Jobs
"https://www.glassdoor.com/Overview/Working-at-ALTEN-EI_IE12800.11,16.htm",3.4 ★,ALTEN,"Research & Development
10K+ Employees","Headquarters near Boulogne-Billancourt, France",6K Reviews11K Salaries4K Jobs
"https://www.glassdoor.com/Overview/Working-at-ASI-EI_IE695226.11,14.htm",3.4 ★,ASI,HR Consulting,"Headquarters near Roswell, GA",25 Reviews50 Salaries67 Jobs
"https://www.glassdoor.com/Overview/Working-at-AVANTGARDE-Experts-EI_IE1619371.11,29.htm",4.0 ★,AVANTGARDE Experts,"HR Consulting
1K to 5K Employees","Headquarters near Munich, Germany",50 Reviews137 Salaries12 Jobs
"https://www.glassdoor.com/Overview/Working-at-AVIV-Group-EI_IE8110210.11,21.htm",4.2 ★,AVIV Group,1K to 5K Employees,"Headquarters near Berlin, Germany",9 Reviews26 Salaries62 Jobs
"https://www.glassdoor.com/Overview/Working-at-AXA-EI_IE10343.11,14.htm",4.0 ★,AXA,"Insurance Carriers
10K+ Employees","Headquarters near Paris, France",6K Reviews9K Salaries2K Jobs
"https://www.glassdoor.com/Overview/Working-at-Axeal-EI_IE1060240.11,16.htm",3.2 ★,Axeal,"HR Consulting
201 to 500 Employees","Headquarters near Champagne-au-Mont-d'Or, France",24 Reviews31 Salaries18 Jobs
"https://www.glassdoor.com/Overview/Working-at-Acheel-EI_IE4695931.11,17.htm",4.7 ★,Acheel,1 to 50 Employees,"Headquarters near Paris, France",4 Reviews3 Salaries2 Jobs
"https://www.glassdoor.com/Overview/Working-at-Agicap-EI_IE3983801.11,17.htm",3.9 ★,Agicap,"Enterprise Software & Network Solutions
201 to 500 Employees","Headquarters near Lyon, France",142 Reviews279 Salaries71 Jobs
"https://www.glassdoor.com/Overview/Working-at-Air-Liquide-EI_IE10332.11,22.htm",3.8 ★,Air Liquide,"Chemical Manufacturing
10K+ Employees","Headquarters near Paris, France",3K Reviews5K Salaries2K Jobs
,,,,,
"https://www.glassdoor.com/Overview/Working-at-SoftBank-Robotics-EI_IE625715.11,28.htm",3.3 ★,SoftBank Robotics,"Consumer Product Manufacturing
201 to 500 Employees","Headquarters near Tokyo, Japan",132 Reviews256 Salaries2 Jobs
"https://www.glassdoor.com/Overview/Working-at-Alectris-EI_IE5603399.11,19.htm",2.7 ★,Alectris,1 to 50 Employees,"Headquarters near Thessaloníki, Greece",4 Reviews9 Salaries2 Jobs
"https://www.glassdoor.com/Overview/Working-at-Algofi-EI_IE645703.11,17.htm",3.5 ★,Algofi,"Business Consulting
201 to 500 Employees","Headquarters near Paris, France",26 Reviews45 Salaries68 Jobs
"https://www.glassdoor.com/Overview/Working-at-Andersen-Lab-EI_IE1023417.11,23.htm",3.9 ★,Andersen Lab,"Software Development
1K to 5K Employees","Headquarters near Warsaw, Poland",179 Reviews160 Salaries76 Jobs
"https://www.glassdoor.com/Overview/Working-at-Antler-EI_IE2512066.11,17.htm",3.9 ★,Antler,"Investment & Asset Management
201 to 500 Employees","Headquarters near Singapore, Singapore",200 Reviews150 Salaries7 Jobs
"https://www.glassdoor.com/Overview/Working-at-Appfire-Technologies-EI_IE912880.11,31.htm",4.6 ★,Appfire Technologies,"Computer Hardware Development
501 to 1K Employees","Headquarters near Burlington, MA",38 Reviews61 Salaries31 Jobs
"https://www.glassdoor.com/Overview/Working-at-Aqemia-EI_IE3980651.11,17.htm",,Aqemia,1 to 50 Employees,"Headquarters near Paris, France",0 Reviews10 Salaries0 Jobs
"https://www.glassdoor.com/Overview/Working-at-Arelance-Group-EI_IE943664.11,25.htm",3.4 ★,Arelance Group,"Information Technology Support Services
201 to 500 Employees","Headquarters near Málaga, Spain",17 Reviews28 Salaries41 Jobs
"https://www.glassdoor.com/Overview/Working-at-Arm-EI_IE7834.11,14.htm",4.2 ★,Arm,"Computer Hardware Development
5K to 10K Employees","Headquarters near Cambridge, United Kingdom",2K Reviews8K Salaries513 Jobs
"https://www.glassdoor.com/Overview/Working-at-Artefact-EI_IE1366034.11,19.htm",4.0 ★,Artefact,"Business Consulting
501 to 1K Employees","Headquarters near Paris, France",312 Reviews634 Salaries110 Jobs
"https://www.glassdoor.com/Overview/Working-at-Artelia-EI_IE780687.11,18.htm",3.9 ★,Artelia,"Architectural & Engineering Services
5K to 10K Employees","Headquarters near Saint-Ouen, France",328 Reviews574 Salaries783 Jobs
,4.0 ★,JPMorgan Chase & Co,,,
"https://www.glassdoor.com/Overview/Working-at-Astek-EI_IE200717.11,16.htm",3.5 ★,Astek,"Information Technology Support Services
5K to 10K Employees","Headquarters near Paris, France",1K Reviews2K Salaries66 Jobs
"https://www.glassdoor.com/Overview/Working-at-Atos-EI_IE10686.11,15.htm",3.7 ★,Atos,"Information Technology Support Services
10K+ Employees","Headquarters near Bezons, France",12K Reviews18K Salaries2K Jobs
"https://www.glassdoor.com/Overview/Working-at-Auchan-Retail-EI_IE7427.11,24.htm",3.5 ★,Auchan Retail,"General Merchandise & Superstores
10K+ Employees","Headquarters near Croix, France",2K Reviews3K Salaries28 Jobs
"https://www.glassdoor.com/Overview/Working-at-Axionable-EI_IE1881643.11,20.htm",4.1 ★,Axionable,"Information Technology Support Services
1 to 50 Employees","Headquarters near Paris, France",15 Reviews24 Salaries0 Jobs
"https://www.glassdoor.com/Overview/Working-at-Axway-EI_IE309158.11,16.htm",3.6 ★,Axway,"Enterprise Software & Network Solutions
1K to 5K Employees","Headquarters near Scottsdale, AZ",534 Reviews869 Salaries37 Jobs
"https://www.glassdoor.com/Overview/Working-at-AZmed-EI_IE5451789.11,16.htm",5.0 ★,AZmed,1 to 50 Employees,"Headquarters near Paris, France",2 Reviews4 Salaries0 Jobs
"https://www.glassdoor.com/Overview/Working-at-BAO-EI_IE226259.11,14.htm",3.6 ★,BAO,"Information Technology Support Services
201 to 500 Employees","Headquarters near Chelmsford, MA",270 Reviews233 Salaries5 Jobs
"https://www.glassdoor.com/Overview/Working-at-Behive-EI_IE3065105.11,17.htm",3.8 ★,Behive,1 to 50 Employees,"Headquarters near Belo Horizonte, Brazil",0 Reviews3 Salaries0 Jobs
"https://www.glassdoor.com/Overview/Working-at-Besedo-EI_IE667813.11,17.htm",3.8 ★,Besedo,"Internet & Web Services
201 to 500 Employees","Headquarters near Stockholm, Sweden",125 Reviews76 Salaries24 Jobs
"https://www.glassdoor.com/Overview/Working-at-bsport-EI_IE5609600.11,17.htm",4.2 ★,bsport,"Enterprise Software & Network Solutions
51 to 200 Employees","Headquarters near Barcelona, France",25 Reviews39 Salaries0 Jobs
"https://www.glassdoor.com/Overview/Working-at-Everything-But-Water-EI_IE18095.11,31.htm",2.9 ★,Everything But Water,"Department, Clothing & Shoe Stores
201 to 500 Employees","Headquarters near Orlando, FL",234 Reviews313 Salaries42 Jobs
"https://www.glassdoor.com/Overview/Working-at-Back-Market-EI_IE1780208.11,22.htm",4.0 ★,Back Market,"Internet & Web Services
501 to 1K Employees","Headquarters near Paris, France",216 Reviews375 Salaries71 Jobs
"https://www.glassdoor.com/Overview/Working-at-Banque-de-France-EI_IE592376.11,27.htm",3.5 ★,Banque de France,"Investment & Asset Management
5K to 10K Employees","Headquarters near Paris, France",407 Reviews673 Salaries19 Jobs
"https://www.glassdoor.com/Overview/Working-at-BearingPoint-EI_IE11516.11,23.htm",4.0 ★,BearingPoint,"Business Consulting
1K to 5K Employees","Headquarters near Amsterdam, Netherlands",2K Reviews5K Salaries401 Jobs
"https://www.glassdoor.com/Overview/Working-at-Believe-EI_IE1127023.11,18.htm",3.7 ★,Believe,"Broadcast Media
1K to 5K Employees","Headquarters near Paris, France",241 Reviews357 Salaries84 Jobs
"https://www.glassdoor.com/Overview/Working-at-Bene-Bono-EI_IE8711030.11,20.htm",,Bene Bono,51 to 200 Employees,"Headquarters near Paris, France",0 Reviews2 Salaries8 Jobs
"https://www.glassdoor.com/Overview/Working-at-Betclic-Group-EI_IE3301897.11,24.htm",4.1 ★,Betclic Group,"Gambling
501 to 1K Employees","Headquarters near Bordeaux, France",65 Reviews144 Salaries49 Jobs
"https://www.glassdoor.com/Overview/Working-at-BforBank-EI_IE1127081.11,19.htm",3.5 ★,BforBank,"Banking & Lending
201 to 500 Employees","Headquarters near Courbevoie, France",55 Reviews93 Salaries2K Jobs
"https://www.glassdoor.com/Overview/Working-at-BioSerenity-EI_IE2864487.11,22.htm",3.8 ★,BioSerenity,51 to 200 Employees,"Headquarters near Auriol, France",53 Reviews113 Salaries29 Jobs
"https://www.glassdoor.com/Overview/Working-at-Bithive-Solu%C3%A7%C3%B5es-Inteligentes-EI_IE4702812.11,40.htm",,Bithive Soluções Inteligentes,1 to 50 Employees,"Headquarters near Belo Horizonte, Brazil",0 Reviews1 Salaries0 Jobs
"https://www.glassdoor.com/Overview/Working-at-BlaBlaCar-EI_IE840434.11,20.htm",4.6 ★,BlaBlaCar,"Internet & Web Services
501 to 1K Employees","Headquarters near Paris, France",421 Reviews743 Salaries25 Jobs
"https://www.glassdoor.com/Overview/Working-at-BlueLabs-EI_IE921811.11,19.htm",4.3 ★,BlueLabs,"Business Consulting
51 to 200 Employees","Headquarters near Washington, DC",25 Reviews68 Salaries7 Jobs
"https://www.glassdoor.com/Overview/Working-at-BlueNav-EI_IE8028185.11,18.htm",1.0 ★,BlueNav,,"Headquarters near Arcachon, France",1 Reviews2 Salaries6 Jobs
"https://www.glassdoor.com/Overview/Working-at-Bontaz-Centre-EI_IE1435883.11,24.htm",3.7 ★,Bontaz Centre,"Machinery Manufacturing
1K to 5K Employees","Headquarters near Marnaz, France",28 Reviews52 Salaries9 Jobs
"https://www.glassdoor.com/Overview/Working-at-Robert-Bosch-EI_IE3353.11,23.htm",4.3 ★,Robert Bosch,"Computer Hardware Development
10K+ Employees","Headquarters near Gerlingen, Germany",16K Reviews22K Salaries169 Jobs
"https://www.glassdoor.com/Overview/Working-at-Bouygues-Telecom-EI_IE453656.11,27.htm",3.9 ★,Bouygues Telecom,"Cable, Internet & Telephone Providers
10K+ Employees","Headquarters near Meudon, France",1K Reviews2K Salaries322 Jobs
"https://www.glassdoor.com/Overview/Working-at-Braintrust-EI_IE2603649.11,21.htm",4.4 ★,Braintrust,"Business Consulting
51 to 200 Employees","Headquarters near San Francisco, CA",32 Reviews31 Salaries222 Jobs
"https://www.glassdoor.com/Overview/Working-at-Business-At-Work-Paris-EI_IE1127388.11,33.htm",3.3 ★,Business At Work Paris,51 to 200 Employees,"Headquarters near Paris, France",26 Reviews38 Salaries0 Jobs
"https://www.glassdoor.com/Overview/Working-at-Caba%C3%AFa-EI_IE6492670.11,17.htm",4.7 ★,Cabaïa,"Beauty & Personal Accessories Stores
51 to 200 Employees","Headquarters near Paris, France",12 Reviews14 Salaries28 Jobs
"https://www.glassdoor.com/Overview/Working-at-Capco-EI_IE400565.11,16.htm",3.8 ★,Capco,"Business Consulting
5K to 10K Employees","Headquarters near London, United Kingdom",3K Reviews5K Salaries554 Jobs
"https://www.glassdoor.com/Overview/Working-at-Causeway-Technologies-EI_IE30143.11,32.htm",3.9 ★,Causeway Technologies,"Information Technology Support Services
201 to 500 Employees","Headquarters near Gerrards Cross, United Kingdom",111 Reviews157 Salaries19 Jobs
"https://www.glassdoor.com/Overview/Working-at-CGI-EI_IE8452.11,14.htm",3.9 ★,CGI,"Business Consulting
10K+ Employees","Headquarters near Fairfax, VA",17K Reviews33K Salaries3K Jobs
"https://www.glassdoor.com/Overview/Working-at-CHEOPS-TECHNOLOGY-EI_IE1128118.11,28.htm",4.2 ★,CHEOPS TECHNOLOGY,"Information Technology Support Services
201 to 500 Employees","Headquarters near Canéjan, France",54 Reviews139 Salaries42 Jobs
"https://www.glassdoor.com/Overview/Working-at-Collecte-Localisation-Satellites-EI_IE1058172.11,43.htm",3.0 ★,Collecte Localisation Satellites,501 to 1K Employees,"Headquarters near Ramonville-Saint-Agne, France",27 Reviews46 Salaries0 Jobs
"https://www.glassdoor.com/Overview/Working-at-Cocolis-EI_IE5101754.11,18.htm",5.0 ★,Cocolis,1 to 50 Employees,"Headquarters near Paris, France",1 Reviews7 Salaries0 Jobs
"https://www.glassdoor.com/Overview/Working-at-Corus-Consulting-EI_IE3180586.11,27.htm",4.4 ★,Corus Consulting,51 to 200 Employees,"Headquarters near Madrid, Spain",28 Reviews38 Salaries3 Jobs
"https://www.glassdoor.com/Overview/Working-at-Carsat-de-Normandie-EI_IE846368.11,30.htm",4.2 ★,Carsat de Normandie,"Insurance Agencies & Brokerages
501 to 1K Employees","Headquarters near Rouen, France",4 Reviews17 Salaries9 Jobs
"https://www.glassdoor.com/Overview/Working-at-Canonical-EI_IE230560.11,20.htm",3.4 ★,Canonical,"Computer Hardware Development
501 to 1K Employees","Headquarters near London, United Kingdom",337 Reviews521 Salaries179 Jobs
"https://www.glassdoor.com/Overview/Working-at-Canopee-Group-EI_IE4557702.11,24.htm",4.1 ★,Canopee Group,51 to 200 Employees,"Headquarters near Paris, France",3 Reviews2 Salaries0 Jobs
"https://www.glassdoor.com/Overview/Working-at-Capgemini-EI_IE3803.11,20.htm",3.7 ★,Capgemini,"Enterprise Software & Network Solutions
10K+ Employees","Headquarters near Issy-les-Moulineaux, France",72K Reviews99K Salaries9K Jobs
"https://www.glassdoor.com/Overview/Working-at-Capgemini-Engineering-EI_IE28187.11,32.htm",3.8 ★,Capgemini Engineering,"Information Technology Support Services
10K+ Employees","Headquarters near Dallas, TX",12K Reviews17K Salaries2K Jobs
"https://www.glassdoor.com/Overview/Working-at-Capital-Fund-Management-EI_IE698649.11,34.htm",4.5 ★,Capital Fund Management,"Investment & Asset Management
201 to 500 Employees","Headquarters near Paris, France",72 Reviews92 Salaries27 Jobs
"https://www.glassdoor.com/Overview/Working-at-Captain-Data-EI_IE7170460.11,23.htm",,Captain Data,1 to 50 Employees,"Headquarters near Nantes, France",0 Reviews3 Salaries0 Jobs
"https://www.glassdoor.com/Overview/Working-at-Carlili-EI_IE3070831.11,18.htm",4.6 ★,Carlili,1 to 50 Employees,"Headquarters near Paris, France",8 Reviews12 Salaries0 Jobs
"https://www.glassdoor.com/Overview/Working-at-Carrefour-EI_IE3118.11,20.htm",3.8 ★,Carrefour,"General Merchandise & Superstores
10K+ Employees","Headquarters near Massy, France",12K Reviews17K Salaries8K Jobs
"https://www.glassdoor.com/Overview/Working-at-Catalina-EI_IE2155.11,19.htm",3.8 ★,Catalina,"Advertising & Public Relations
1K to 5K Employees","Headquarters near Saint Petersburg, FL",491 Reviews714 Salaries7 Jobs
"https://www.glassdoor.com/Overview/Working-at-Cdiscount-EI_IE656886.11,20.htm",3.7 ★,Cdiscount,"Internet & Web Services
1K to 5K Employees","Headquarters near Bordeaux, France",386 Reviews631 Salaries55 Jobs
"https://www.glassdoor.com/Overview/Working-at-Cegedim-EI_IE13058.11,18.htm",3.7 ★,Cegedim,"Software Development
5K to 10K Employees","Headquarters near Boulogne-Billancourt, France",559 Reviews808 Salaries182 Jobs
"https://www.glassdoor.com/Overview/Working-at-CEGID-EI_IE13082.11,16.htm",3.0 ★,CEGID,"Enterprise Software & Network Solutions
1K to 5K Employees","Headquarters near Lyon, France",330 Reviews662 Salaries139 Jobs
"https://www.glassdoor.com/Overview/Working-at-CENOVA-EI_IE2063663.11,17.htm",4.2 ★,CENOVA,"Business Consulting
51 to 200 Employees","Headquarters near Neuilly-sur-Seine, France",33 Reviews22 Salaries8 Jobs
"https://www.glassdoor.com/Overview/Working-at-Centric-EI_IE475233.11,18.htm",3.8 ★,Centric,"Information Technology Support Services
1K to 5K Employees","Headquarters near Gouda, Netherlands",209 Reviews544 Salaries320 Jobs
"https://www.glassdoor.com/Overview/Working-at-CHEMOVATOR-GmbH-EI_IE3927178.11,26.htm",4.6 ★,CHEMOVATOR GmbH,"Chemical Manufacturing
51 to 200 Employees","Headquarters near Mannheim, Germany",15 Reviews19 Salaries6 Jobs
"https://www.glassdoor.com/Overview/Working-at-Cision-EI_IE16067.11,17.htm",3.2 ★,Cision,"Computer Hardware Development
1K to 5K Employees","Headquarters near Chicago, IL",1K Reviews2K Salaries15 Jobs
"https://www.glassdoor.com/Overview/Working-at-Cityscoot-EI_IE2601540.11,20.htm",3.9 ★,Cityscoot,201 to 500 Employees,"Headquarters near Paris, France",22 Reviews37 Salaries0 Jobs
"https://www.glassdoor.com/Overview/Working-at-Cleyrop-EI_IE5104173.11,18.htm",1.0 ★,Cleyrop,1 to 50 Employees,"Headquarters near Paris, France",4 Reviews10 Salaries10 Jobs
"https://www.glassdoor.com/Overview/Working-at-Cloudflare-EI_IE430862.11,21.htm",3.8 ★,Cloudflare,"Internet & Web Services
1K to 5K Employees","Headquarters near San Francisco, CA",546 Reviews1K Salaries150 Jobs
"https://www.glassdoor.com/Overview/Working-at-Codasip-EI_IE1329764.11,18.htm",4.7 ★,Codasip,"Computer Hardware Development
51 to 200 Employees","Headquarters near Brno, Czech Republic",18 Reviews22 Salaries42 Jobs
"https://www.glassdoor.com/Overview/Working-at-Codility-EI_IE658258.11,19.htm",3.5 ★,Codility,"Enterprise Software & Network Solutions
51 to 200 Employees","Headquarters near Warsaw, Poland",112 Reviews140 Salaries5 Jobs
"https://www.glassdoor.com/Overview/Working-at-CONSORT-Group-EI_IE8133815.11,24.htm",5.0 ★,CONSORT Group,,"Headquarters near Moscow, Russia",1 Reviews1 Salaries7 Jobs
"https://www.glassdoor.com/Overview/Working-at-Constellium-EI_IE802654.11,22.htm",4.0 ★,Constellium,"Metal & Mineral Manufacturing
10K+ Employees","Headquarters near Paris, France",270 Reviews433 Salaries154 Jobs
"https://www.glassdoor.com/Overview/Working-at-Contentsquare-EI_IE1106723.11,24.htm",3.9 ★,Contentsquare,"Enterprise Software & Network Solutions
1K to 5K Employees","Headquarters near Paris, France",417 Reviews742 Salaries46 Jobs
"https://www.glassdoor.com/Overview/Working-at-Converteo-EI_IE2055939.11,20.htm",4.6 ★,Converteo,"Business Consulting
201 to 500 Employees","Headquarters near Paris, France",98 Reviews210 Salaries15 Jobs
"https://www.glassdoor.com/Overview/Working-at-Creative-Lift-EI_IE7858020.11,24.htm",,Creative Lift,1 to 50 Employees,"Headquarters near Paris, France",0 Reviews2 Salaries0 Jobs
"https://www.glassdoor.com/Overview/Working-at-Cryptio-EI_IE6912365.11,18.htm",4.9 ★,Cryptio,"Enterprise Software & Network Solutions
1 to 50 Employees","Headquarters near Paris, France",9 Reviews9 Salaries0 Jobs
"https://www.glassdoor.com/Overview/Working-at-Davricourt-EI_IE918804.11,21.htm",4.4 ★,Davricourt,"HR Consulting
201 to 500 Employees","Headquarters near Paris, France",82 Reviews94 Salaries0 Jobs
"https://www.glassdoor.com/Overview/Working-at-doxio-EI_IE8226194.11,16.htm",,doxio,,"Headquarters near Podgorica, Montenegro",0 Reviews1 Salaries15 Jobs
"https://www.glassdoor.com/Overview/Working-at-DXC-Technology-EI_IE1603125.11,25.htm",3.6 ★,DXC Technology,"Information Technology Support Services
10K+ Employees","Headquarters near Ashburn, VA",24K Reviews36K Salaries969 Jobs
"https://www.glassdoor.com/Overview/Working-at-Dailymotion-EI_IE372880.11,22.htm",3.3 ★,Dailymotion,"Internet & Web Services
51 to 200 Employees","Headquarters near Paris, France",212 Reviews294 Salaries28 Jobs
"https://www.glassdoor.com/Overview/Working-at-Dalibo-EI_IE5168648.11,17.htm",4.7 ★,Dalibo,1 to 50 Employees,"Headquarters near Paris, France",3 Reviews5 Salaries0 Jobs
"https://www.glassdoor.com/Overview/Working-at-Danfoss-International-EI_IE134544.11,32.htm",4.0 ★,Danfoss International,"Machinery Manufacturing
10K+ Employees","Headquarters near Nordborg, Denmark",1K Reviews2K Salaries510 Jobs
"https://www.glassdoor.com/Overview/Working-at-Dashlane-EI_IE779982.11,19.htm",3.5 ★,Dashlane,"Computer Hardware Development
201 to 500 Employees","Headquarters near New York, NY",113 Reviews227 Salaries22 Jobs
"https://www.glassdoor.com/Overview/Working-at-DataDome-EI_IE2911169.11,19.htm",5.0 ★,DataDome,"Enterprise Software & Network Solutions
51 to 200 Employees","Headquarters near New York, NY",71 Reviews60 Salaries18 Jobs
"https://www.glassdoor.com/Overview/Working-at-Datadog-EI_IE762009.11,18.htm",3.9 ★,Datadog,"Enterprise Software & Network Solutions
1K to 5K Employees","Headquarters near New York, NY",913 Reviews2K Salaries175 Jobs
"https://www.glassdoor.com/Overview/Working-at-Dataiku-EI_IE1037713.11,18.htm",4.1 ★,Dataiku,"Software Development
1K to 5K Employees","Headquarters near New York, NY",479 Reviews643 Salaries42 Jobs
"https://www.glassdoor.com/Overview/Working-at-Datapy-EI_IE7141129.11,17.htm",4.6 ★,Datapy,1 to 50 Employees,"Headquarters near Toulouse, France",5 Reviews5 Salaries0 Jobs
"https://www.glassdoor.com/Overview/Working-at-DataScientest-EI_IE3151014.11,24.htm",4.5 ★,DataScientest,,"Headquarters near Paris, France",57 Reviews148 Salaries27 Jobs
"https://www.glassdoor.com/Overview/Working-at-Datatorii-EI_IE3532120.11,20.htm",4.1 ★,Datatorii,"Information Technology Support Services
1 to 50 Employees","Headquarters near Paris, France",15 Reviews19 Salaries0 Jobs
"https://www.glassdoor.com/Overview/Working-at-Datawords-EI_IE368762.11,20.htm",3.3 ★,Datawords,"Internet & Web Services
501 to 1K Employees","Headquarters near Paris, France",250 Reviews426 Salaries42 Jobs
"https://www.glassdoor.com/Overview/Working-at-Davidson-Consulting-EI_IE567791.11,30.htm",3.8 ★,Davidson Consulting,"Business Consulting
1K to 5K Employees","Headquarters near Paris, France",520 Reviews842 Salaries150 Jobs
"https://www.glassdoor.com/Overview/Working-at-Decathlon-EI_IE41180.11,20.htm",3.9 ★,Decathlon,"Sporting Goods Stores
10K+ Employees","Headquarters near Villeneuve-d'Ascq, France",8K Reviews10K Salaries3K Jobs
"https://www.glassdoor.com/Overview/Working-at-D%C3%A9cilia-EI_IE6275151.11,18.htm",1.0 ★,Décilia,,"Headquarters near Boulogne-Billancourt, France",2 Reviews5 Salaries4 Jobs
"https://www.glassdoor.com/Overview/Working-at-Deloitte-EI_IE2763.11,19.htm",4.0 ★,Deloitte,"Accounting & Tax
10K+ Employees","Headquarters near New York, NY",104K Reviews299K Salaries36K Jobs
"https://www.glassdoor.com/Overview/Working-at-Descartes-Underwriting-EI_IE4221338.11,33.htm",4.9 ★,Descartes Underwriting,"Insurance Agencies & Brokerages
51 to 200 Employees","Headquarters near Paris, France",14 Reviews24 Salaries26 Jobs
"https://www.glassdoor.com/Overview/Working-at-Devoteam-EI_IE12966.11,19.htm",3.9 ★,Devoteam,"Information Technology Support Services
10K+ Employees","Headquarters near Levallois-Perret, France",2K Reviews3K Salaries434 Jobs
,5.0 ★,Dfns,,,
"https://www.glassdoor.com/Overview/Working-at-Doctrine-EI_IE1941439.11,19.htm",4.8 ★,Doctrine,"Internet & Web Services
51 to 200 Employees","Headquarters near Paris, France",73 Reviews64 Salaries11 Jobs
"https://www.glassdoor.com/Overview/Working-at-Dott-EI_IE2862020.11,15.htm",3.6 ★,Dott,"Computer Hardware Development
501 to 1K Employees","Headquarters near Amsterdam, Netherlands",69 Reviews147 Salaries40 Jobs
"https://www.glassdoor.com/Overview/Working-at-Dougs-Compta-EI_IE4356870.11,23.htm",3.5 ★,Dougs Compta,51 to 200 Employees,"Headquarters near Lyon, France",13 Reviews23 Salaries0 Jobs
"https://www.glassdoor.com/Overview/Working-at-D%C3%A9kuple-EI_IE1260569.11,18.htm",4.3 ★,Dékuple,"Advertising & Public Relations
501 to 1K Employees","Headquarters near Montreuil, France",30 Reviews58 Salaries0 Jobs
"https://www.glassdoor.com/Overview/Working-at-EDF-EI_IE324360.11,14.htm",4.1 ★,EDF,"Energy & Utilities
10K+ Employees","Headquarters near Paris, France",4K Reviews7K Salaries1K Jobs
"https://www.glassdoor.com/Overview/Working-at-Elis-EI_IE996747.11,15.htm",3.4 ★,Elis,"Consumer Product Rental
1K to 5K Employees","Headquarters near Basingstoke, United Kingdom",714 Reviews1K Salaries853 Jobs
"https://www.glassdoor.com/Overview/Working-at-E-P-and-L-P-EI_IE1473171.11,22.htm",4.2 ★,E.P. & L.P.,Restaurants & Cafes,"Headquarters near Los Angeles, CA",5 Reviews12 Salaries0 Jobs
"https://www.glassdoor.com/Overview/Working-at-EPSILON-France-EI_IE6295428.11,25.htm",3.6 ★,EPSILON (France),1 to 50 Employees,"Headquarters near Plan-d'Orgon, France",14 Reviews22 Salaries0 Jobs
"https://www.glassdoor.com/Overview/Working-at-EDENS-EI_IE24321.11,16.htm",3.2 ★,EDENS,"Real Estate
201 to 500 Employees","Headquarters near Washington, DC",54 Reviews69 Salaries4 Jobs
"https://www.glassdoor.com/Overview/Working-at-Expertime-EI_IE1061225.11,20.htm",4.0 ★,Expertime,"Information Technology Support Services
51 to 200 Employees","Headquarters near Viroflay, France",51 Reviews101 Salaries7 Jobs
"https://www.glassdoor.com/Overview/Working-at-Extia-EI_IE464698.11,16.htm",4.0 ★,Extia,"Business Consulting
1K to 5K Employees","Headquarters near Sèvres, France",731 Reviews896 Salaries392 Jobs
"https://www.glassdoor.com/Overview/Working-at-EY-EI_IE2784.11,13.htm",3.9 ★,EY,"Accounting & Tax
10K+ Employees","Headquarters near New York, NY",74K Reviews147K Salaries9K Jobs
"https://www.glassdoor.com/Overview/Working-at-Easy-Consult-EI_IE937240.11,23.htm",3.6 ★,Easy Consult,"HR Consulting
201 to 500 Employees","Headquarters near Sofia, Bulgaria",4 Reviews10 Salaries8 Jobs
"https://www.glassdoor.com/Overview/Working-at-EasyMile-EI_IE2363680.11,19.htm",3.9 ★,EasyMile,"Computer Hardware Development
51 to 200 Employees","Headquarters near Toulouse, France",34 Reviews62 Salaries25 Jobs
"https://www.glassdoor.com/Overview/Working-at-EasyPicky-EI_IE5889411.11,20.htm",3.6 ★,EasyPicky,1 to 50 Employees,"Headquarters near Montpellier, France",4 Reviews6 Salaries1 Jobs
"https://www.glassdoor.com/Overview/Working-at-EcoVadis-EI_IE954100.11,19.htm",4.5 ★,EcoVadis,"Business Consulting
1K to 5K Employees","Headquarters near Paris, France",317 Reviews410 Salaries37 Jobs
"https://www.glassdoor.com/Overview/Working-at-Ekinox-Tours-EI_IE9083935.11,23.htm",3.0 ★,Ekinox Tours,1 to 50 Employees,"Headquarters near Cancún, Mexico",1 Reviews1 Salaries0 Jobs
"https://www.glassdoor.com/Overview/Working-at-Eldo-EI_IE2527619.11,15.htm",4.7 ★,Eldo,"Business Consulting
51 to 200 Employees","Headquarters near Toulouse, France",32 Reviews43 Salaries8 Jobs
"https://www.glassdoor.com/Overview/Working-at-Eleven-Labs-EI_IE1062804.11,22.htm",4.7 ★,Eleven Labs,"Internet & Web Services
51 to 200 Employees","Headquarters near Paris, France",7 Reviews29 Salaries1 Jobs
"https://www.glassdoor.com/Overview/Working-at-Energisme-EI_IE1922824.11,20.htm",3.6 ★,Energisme,51 to 200 Employees,"Headquarters near Boulogne-Billancourt, France",12 Reviews39 Salaries2 Jobs
"https://www.glassdoor.com/Overview/Working-at-Enphase-Energy-EI_IE370454.11,25.htm",3.5 ★,Enphase Energy,"Energy & Utilities
1K to 5K Employees","Headquarters near Fremont, CA",361 Reviews505 Salaries47 Jobs
"https://www.glassdoor.com/Overview/Working-at-Envol-Strategies-EI_IE2203693.11,27.htm",3.6 ★,Envol Strategies,"Business Consulting
1 to 50 Employees","Headquarters near Vancouver, Canada",35 Reviews14 Salaries0 Jobs
"https://www.glassdoor.com/Overview/Working-at-Equancy-EI_IE814272.11,18.htm",3.8 ★,Equancy,"Advertising & Public Relations
51 to 200 Employees","Headquarters near Paris, France",106 Reviews157 Salaries13 Jobs
"https://www.glassdoor.com/Overview/Working-at-Equativ-EI_IE423392.11,18.htm",4.6 ★,Equativ,"Information Technology Support Services
501 to 1K Employees","Headquarters near Paris, France",148 Reviews199 Salaries24 Jobs
"https://www.glassdoor.com/Overview/Working-at-Eulidia-EI_IE745122.11,18.htm",4.2 ★,Eulidia,"Business Consulting
1 to 50 Employees","Headquarters near Paris, France",22 Reviews36 Salaries0 Jobs
"https://www.glassdoor.com/Overview/Working-at-Europ-Assistance-EI_IE224519.11,27.htm",3.6 ★,Europ Assistance,"Insurance Carriers
5K to 10K Employees","Headquarters near Saint-Denis, France",834 Reviews1K Salaries124 Jobs
"https://www.glassdoor.com/Overview/Working-at-Eventbrite-EI_IE344483.11,21.htm",4.0 ★,Eventbrite,"Internet & Web Services
501 to 1K Employees","Headquarters near San Francisco, CA",650 Reviews1K Salaries88 Jobs
"https://www.glassdoor.com/Overview/Working-at-Everysens-EI_IE3065058.11,20.htm",,Everysens,,"Headquarters near Lille, France",0 Reviews11 Salaries0 Jobs
"https://www.glassdoor.com/Overview/Working-at-Exact-Sciences-EI_IE12829.11,25.htm",3.5 ★,Exact Sciences,"Biotech & Pharmaceuticals
1K to 5K Employees","Headquarters near Madison, WI",744 Reviews1K Salaries98 Jobs
"https://www.glassdoor.com/Overview/Working-at-Exadel-EI_IE242799.11,17.htm",4.6 ★,Exadel,"Software Development
1K to 5K Employees","Headquarters near Walnut Creek, CA",259 Reviews298 Salaries23 Jobs
"https://www.glassdoor.com/Overview/Working-at-Exotec-EI_IE2149626.11,17.htm",4.6 ★,Exotec,"Machinery Manufacturing
201 to 500 Employees","Headquarters near Croix, France",33 Reviews44 Salaries163 Jobs
"https://www.glassdoor.com/Overview/Working-at-Experian-EI_IE42406.11,19.htm",4.1 ★,Experian,"Business Consulting
10K+ Employees","Headquarters near Dublin, Ireland",6K Reviews8K Salaries381 Jobs
"https://www.glassdoor.com/Overview/Working-at-Experis-France-EI_IE6535156.11,25.htm",2.7 ★,Experis (France),1 to 50 Employees,"Headquarters near Paris, France",16 Reviews25 Salaries0 Jobs
"https://www.glassdoor.com/Overview/Working-at-Externatic-EI_IE2231630.11,21.htm",4.9 ★,Externatic,"Information Technology Support Services
1 to 50 Employees","Headquarters near Nantes, France",10 Reviews41 Salaries0 Jobs
"https://www.glassdoor.com/Overview/Working-at-FABERNOVEL-EI_IE390563.11,21.htm",3.8 ★,FABERNOVEL,"Business Consulting
201 to 500 Employees","Headquarters near Paris, France",167 Reviews345 Salaries5 Jobs
"https://www.glassdoor.com/Overview/Working-at-Foncia-EI_IE18271.11,17.htm",3.9 ★,Foncia,"Real Estate
10K+ Employees","Headquarters near Antony, France",371 Reviews775 Salaries425 Jobs
"https://www.glassdoor.com/Overview/Working-at-ForePaaS-EI_IE3831303.11,19.htm",5.0 ★,ForePaaS,1 to 50 Employees,"Headquarters near San Francisco, CA",3 Reviews6 Salaries0 Jobs
"https://www.glassdoor.com/Overview/Working-at-Fortuneo-SA-EI_IE906809.11,22.htm",3.9 ★,Fortuneo SA,Banking & Lending,"Headquarters near Paris, France",50 Reviews89 Salaries0 Jobs
"https://www.glassdoor.com/Overview/Working-at-Foxintelligence-EI_IE3438600.11,26.htm",4.7 ★,Foxintelligence,1 to 50 Employees,"Headquarters near Paris, France",10 Reviews29 Salaries5 Jobs
"https://www.glassdoor.com/Overview/Working-at-Framatome-EI_IE2113322.11,20.htm",3.8 ★,Framatome,10K+ Employees,"Headquarters near Paris, France",485 Reviews1K Salaries1K Jobs
"https://www.glassdoor.com/Overview/Working-at-Freebox-Spain-EI_IE6328254.11,24.htm",1.0 ★,Freebox (Spain),,"Headquarters near Madrid, Spain",0 Reviews1 Salaries0 Jobs
"https://www.glassdoor.com/Overview/Working-at-Garance-EI_IE1691610.11,18.htm",3.7 ★,Garance,"Insurance Carriers
201 to 500 Employees","Headquarters near Paris, France",16 Reviews28 Salaries30 Jobs
"https://www.glassdoor.com/Overview/Working-at-Gleamer-EI_IE6493161.11,18.htm",2.8 ★,Gleamer,1 to 50 Employees,"Headquarters near Paris, France",4 Reviews7 Salaries0 Jobs
"https://www.glassdoor.com/Overview/Working-at-GULP-Experts-United-EI_IE1160326.11,30.htm",3.7 ★,GULP Experts United,"HR Consulting
201 to 500 Employees","Headquarters near Munich, Germany",56 Reviews109 Salaries13 Jobs
"https://www.glassdoor.com/Overview/Working-at-GiG-Gaming-Innovation-Group-EI_IE1390466.11,38.htm",3.9 ★,GiG Gaming Innovation Group,"Internet & Web Services
501 to 1K Employees","Headquarters near Valletta, Malta",198 Reviews219 Salaries15 Jobs
"https://www.glassdoor.com/Overview/Working-at-Gan-Assurances-EI_IE911106.11,25.htm",3.5 ★,Gan Assurances,"Insurance Agencies & Brokerages
501 to 1K Employees","Headquarters near Paris, France",92 Reviews202 Salaries17 Jobs
"https://www.glassdoor.com/Overview/Working-at-GateWatcher-EI_IE2113609.11,22.htm",4.2 ★,GateWatcher,"Computer Hardware Development
1 to 50 Employees","Headquarters near Paris, France",8 Reviews19 Salaries1 Jobs
"https://www.glassdoor.com/Overview/Working-at-Gifi-EI_IE25947.11,15.htm",3.2 ★,Gifi,"General Merchandise & Superstores
5K to 10K Employees","Headquarters near Villeneuve-sur-Lot, France",202 Reviews260 Salaries57 Jobs
"https://www.glassdoor.com/Overview/Working-at-GitGuardian-EI_IE3330952.11,22.htm",4.8 ★,GitGuardian,"Enterprise Software & Network Solutions
51 to 200 Employees","Headquarters near Paris, France",37 Reviews20 Salaries14 Jobs
"https://www.glassdoor.com/Overview/Working-at-Gojob-EI_IE2265183.11,16.htm",3.8 ★,Gojob,"Enterprise Software & Network Solutions
51 to 200 Employees","Headquarters near Aix-en-Provence, France",66 Reviews472 Salaries326 Jobs
"https://www.glassdoor.com/Overview/Working-at-Greenly-France-EI_IE5520702.11,25.htm",4.0 ★,Greenly (France),"Software Development
51 to 200 Employees","Headquarters near Paris, France",31 Reviews40 Salaries1 Jobs
"https://www.glassdoor.com/Overview/Working-at-Groupe-BPCE-EI_IE354301.11,22.htm",3.9 ★,Groupe BPCE,"Banking & Lending
10K+ Employees","Headquarters near Paris, France",616 Reviews1K Salaries2K Jobs
"https://www.glassdoor.com/Overview/Working-at-Groupe-Clarins-EI_IE10680.11,25.htm",3.6 ★,Groupe Clarins,"Consumer Product Manufacturing
5K to 10K Employees","Headquarters near Neuilly-sur-Seine, France",542 Reviews754 Salaries32 Jobs
"https://www.glassdoor.com/Overview/Working-at-Cr%C3%A9dit-Agricole-du-Maroc-EI_IE7358781.11,35.htm",3.1 ★,Crédit Agricole du Maroc,501 to 1K Employees,"Headquarters near Rabat, Morocco",10 Reviews8 Salaries0 Jobs
"https://www.glassdoor.com/Overview/Working-at-Groupe-Etam-EI_IE12970.11,22.htm",3.3 ★,Groupe Etam,"Department, Clothing & Shoe Stores
5K to 10K Employees","Headquarters near Paris, France",397 Reviews484 Salaries392 Jobs
"https://www.glassdoor.com/Overview/Working-at-Groupe-La-Centrale-EI_IE4105287.11,29.htm",3.8 ★,Groupe La Centrale,201 to 500 Employees,"Headquarters near Paris, France",14 Reviews17 Salaries0 Jobs
"https://www.glassdoor.com/Overview/Working-at-Groupe-SII-EI_IE26056.11,21.htm",3.7 ★,Groupe SII,"Enterprise Software & Network Solutions
10K+ Employees","Headquarters near Paris, France",682 Reviews1K Salaries1K Jobs
"https://www.glassdoor.com/Overview/Working-at-Groupe-SeLoger-EI_IE230035.11,25.htm",3.0 ★,Groupe SeLoger,"Publishing
501 to 1K Employees","Headquarters near Paris, France",165 Reviews218 Salaries0 Jobs
"https://www.glassdoor.com/Overview/Working-at-TF1-EI_IE10569.11,14.htm",4.2 ★,TF1,"Broadcast Media
1K to 5K Employees","Headquarters near Boulogne, France",288 Reviews469 Salaries149 Jobs
"https://www.glassdoor.com/Overview/Working-at-Guest-Suite-EI_IE2164881.11,22.htm",5.0 ★,Guest Suite,"Telecommunications Services
1 to 50 Employees","Headquarters near Nantes, France",4 Reviews12 Salaries2 Jobs
"https://www.glassdoor.com/Overview/Working-at-Hardis-Group-EI_IE156009.11,23.htm",4.4 ★,Hardis Group,"Enterprise Software & Network Solutions
1K to 5K Employees","Headquarters near Seyssinet-Pariset, France",156 Reviews301 Salaries169 Jobs
"https://www.glassdoor.com/Overview/Working-at-Hays-EI_IE10166.11,15.htm",3.6 ★,Hays,"HR Consulting
5K to 10K Employees","Headquarters near London, United Kingdom",6K Reviews14K Salaries27K Jobs
"https://www.glassdoor.com/Overview/Working-at-Health-Data-Hub-EI_IE4913618.11,26.htm",1.8 ★,Health Data Hub,,"Headquarters near Paris, France",6 Reviews34 Salaries0 Jobs
"https://www.glassdoor.com/Overview/Working-at-Heex-EI_IE3894145.11,15.htm",3.4 ★,Heex,1 to 50 Employees,"Headquarters near Paris, France",3 Reviews7 Salaries0 Jobs
"https://www.glassdoor.com/Overview/Working-at-Hello-Tomorrow-EI_IE3586776.11,25.htm",4.5 ★,Hello Tomorrow,1 to 50 Employees,"Headquarters near Paris, France",2 Reviews8 Salaries0 Jobs
"https://www.glassdoor.com/Overview/Working-at-HelloFresh-EI_IE998728.11,21.htm",3.6 ★,HelloFresh,"Catering & Food Service Contractors
5K to 10K Employees","Headquarters near Berlin, Germany",2K Reviews4K Salaries963 Jobs
"https://www.glassdoor.com/Overview/Working-at-Herm%C3%A8s-EI_IE10907.11,17.htm",4.0 ★,Hermès,"Department, Clothing & Shoe Stores
10K+ Employees","Headquarters near Paris, France",1K Reviews2K Salaries1K Jobs
"https://www.glassdoor.com/Overview/Working-at-Hublo-EI_IE4308948.11,16.htm",4.7 ★,Hublo,"Enterprise Software & Network Solutions
51 to 200 Employees","Headquarters near Paris, France",51 Reviews69 Salaries19 Jobs
"https://www.glassdoor.com/Overview/Working-at-ICF-EI_IE18654.11,14.htm",3.8 ★,ICF,"Business Consulting
5K to 10K Employees","Headquarters near Fairfax, VA",2K Reviews5K Salaries424 Jobs
"https://www.glassdoor.com/Overview/Working-at-InLab-EI_IE2772949.11,16.htm",3.5 ★,InLab,,,6 Reviews13 Salaries0 Jobs
"https://www.glassdoor.com/Overview/Working-at-IONOS-EI_IE688822.11,16.htm",3.7 ★,IONOS,"Information Technology Support Services
51 to 200 Employees","Headquarters near Philadelphia, PA",447 Reviews775 Salaries6 Jobs
"https://www.glassdoor.com/Overview/Working-at-Iceberg-Data-Lab-EI_IE8548146.11,27.htm",4.0 ★,Iceberg Data Lab,1 to 50 Employees,"Headquarters near Paris, France",1 Reviews2 Salaries0 Jobs
"https://www.glassdoor.com/Overview/Working-at-Inato-EI_IE2871222.11,16.htm",4.9 ★,Inato,"Biotech & Pharmaceuticals
1 to 50 Employees","Headquarters near Paris, France",15 Reviews27 Salaries0 Jobs
"https://www.glassdoor.com/Overview/Working-at-Inetum-EI_IE9028.11,17.htm",3.3 ★,Inetum,"Information Technology Support Services
10K+ Employees","Headquarters near Saint-Ouen, France",2K Reviews4K Salaries2K Jobs
"https://www.glassdoor.com/Overview/Working-at-Infinity-Quest-EI_IE2247486.11,25.htm",4.1 ★,Infinity Quest,"Information Technology Support Services
201 to 500 Employees","Headquarters near Shirley, United Kingdom",42 Reviews29 Salaries217 Jobs
"https://www.glassdoor.com/Overview/Working-at-Groupe-INGELIANCE-EI_IE1131106.11,28.htm",3.4 ★,Groupe INGELIANCE,501 to 1K Employees,"Headquarters near Bordeaux, France",43 Reviews84 Salaries162 Jobs
"https://www.glassdoor.com/Overview/Working-at-Ingeniance-EI_IE1389473.11,21.htm",2.8 ★,Ingeniance,"Business Consulting
201 to 500 Employees","Headquarters near Courbevoie, France",107 Reviews156 Salaries67 Jobs
"https://www.glassdoor.com/Overview/Working-at-Innovela-EI_IE7235370.11,19.htm",4.0 ★,Innovela,1 to 50 Employees,"Headquarters near Paris, France",1 Reviews1 Salaries5 Jobs
"https://www.glassdoor.com/Overview/Working-at-Intrasense-EI_IE903839.11,21.htm",4.3 ★,Intrasense,"Health Care Products Manufacturing
51 to 200 Employees","Headquarters near Paris, France",4 Reviews11 Salaries0 Jobs
"https://www.glassdoor.com/Overview/Working-at-Ippon-EI_IE637817.11,16.htm",4.2 ★,Ippon,"Information Technology Support Services
501 to 1K Employees","Headquarters near Paris, France",159 Reviews327 Salaries61 Jobs
"https://www.glassdoor.com/Overview/Working-at-JCDecaux-EI_IE15336.11,19.htm",3.6 ★,JCDecaux,"Advertising & Public Relations
51 to 200 Employees","Headquarters near Neuilly-sur-Seine, France",810 Reviews1K Salaries288 Jobs
"https://www.glassdoor.com/Overview/Working-at-Jedha-Bootcamp-EI_IE3680138.11,25.htm",5.0 ★,Jedha Bootcamp,1 to 50 Employees,"Headquarters near Paris, France",4 Reviews7 Salaries0 Jobs
"https://www.glassdoor.com/Overview/Working-at-Jellysmack-EI_IE2424088.11,21.htm",3.5 ★,Jellysmack,"Internet & Web Services
501 to 1K Employees","Headquarters near New York, NY",517 Reviews740 Salaries0 Jobs
"https://www.glassdoor.com/Overview/Working-at-JEMS-Group-EI_IE1132227.11,21.htm",3.6 ★,JEMS Group,"Information Technology Support Services
501 to 1K Employees","Headquarters near Neuilly-sur-Seine, France",158 Reviews223 Salaries45 Jobs
"https://www.glassdoor.com/Overview/Working-at-Joko-EI_IE5248263.11,15.htm",4.5 ★,Joko,1 to 50 Employees,"Headquarters near Paris, France",9 Reviews18 Salaries0 Jobs
"https://www.glassdoor.com/Overview/Working-at-Jus-Mundi-EI_IE5250914.11,20.htm",4.5 ★,Jus Mundi,"Internet & Web Services
51 to 200 Employees","Headquarters near Paris, France",8 Reviews5 Salaries0 Jobs
"https://www.glassdoor.com/Overview/Working-at-Kickmaker-EI_IE2867729.11,20.htm",4.6 ★,Kickmaker,"Architectural & Engineering Services
51 to 200 Employees","Headquarters near Paris, France",27 Reviews38 Salaries24 Jobs
"https://www.glassdoor.com/Overview/Working-at-KLANIK-Consulting-EI_IE1182673.11,28.htm",4.1 ★,KLANIK Consulting,"Business Consulting
501 to 1K Employees","Headquarters near Marseille, France",199 Reviews256 Salaries10 Jobs
"https://www.glassdoor.com/Overview/Working-at-KLDiscovery-EI_IE360327.11,22.htm",3.2 ★,KLDiscovery,"Information Technology Support Services
1K to 5K Employees","Headquarters near Eden Prairie, MN",257 Reviews468 Salaries76 Jobs
"https://www.glassdoor.com/Overview/Working-at-KPC-MI-EI_IE1890710.11,17.htm",3.5 ★,KPC (MI),Consumer Product Manufacturing,"Headquarters near Walker, MI",4 Reviews8 Salaries67 Jobs
"https://www.glassdoor.com/Overview/Working-at-KatchMe-EI_IE4868245.11,18.htm",4.8 ★,KatchMe,"Staffing & Subcontracting
1 to 50 Employees","Headquarters near Paris, France",7 Reviews8 Salaries21 Jobs
"https://www.glassdoor.com/Overview/Working-at-Kayrros-EI_IE2362521.11,18.htm",3.9 ★,Kayrros,51 to 200 Employees,"Headquarters near Paris, France",45 Reviews86 Salaries4 Jobs
"https://www.glassdoor.com/Overview/Working-at-Keyrus-EI_IE158808.11,17.htm",4.2 ★,Keyrus,"Information Technology Support Services
1K to 5K Employees","Headquarters near Levallois-Perret, France",982 Reviews1K Salaries253 Jobs
"https://www.glassdoor.com/Overview/Working-at-Klint-Marketing-EI_IE3172613.11,26.htm",3.9 ★,Klint Marketing,1 to 50 Employees,"Headquarters near Copenhagen, Denmark",19 Reviews1 Salaries0 Jobs
"https://www.glassdoor.com/Overview/Working-at-Kyndryl-EI_IE5905801.11,18.htm",3.8 ★,Kyndryl,"Information Technology Support Services
10K+ Employees","Headquarters near New York, NY",3K Reviews5K Salaries614 Jobs
"https://www.glassdoor.com/Overview/Working-at-Kyriba-Corp-EI_IE260305.11,22.htm",3.9 ★,Kyriba Corp.,"Enterprise Software & Network Solutions
501 to 1K Employees","Headquarters near San Diego, CA",327 Reviews430 Salaries35 Jobs
"https://www.glassdoor.com/Overview/Working-at-L-Or%C3%A9al-EI_IE3470.11,18.htm",4.0 ★,L'Oréal,"Consumer Product Manufacturing
10K+ Employees","Headquarters near Clichy, France",12K Reviews19K Salaries2K Jobs
"https://www.glassdoor.com/Overview/Working-at-L-olivier-Assurance-EI_IE2407778.11,30.htm",3.8 ★,L'olivier Assurance,"Insurance Carriers
201 to 500 Employees","Headquarters near Paris, France",71 Reviews116 Salaries9 Jobs
"https://www.glassdoor.com/Overview/Working-at-La-Boite-Immo-EI_IE1333091.11,24.htm",4.7 ★,La Boite Immo,1 to 50 Employees,"Headquarters near Hyères, France",17 Reviews21 Salaries1 Jobs
"https://www.glassdoor.com/Overview/Working-at-Pancho-and-Lefty-s-EI_IE4064627.11,29.htm",4.1 ★,Pancho & Lefty's,1 to 50 Employees,"Headquarters near Nashville, TN",11 Reviews8 Salaries7 Jobs
"https://www.glassdoor.com/Overview/Working-at-LR-Technologies-Groupe-EI_IE1550902.11,33.htm",4.2 ★,LR Technologies Groupe,"Business Consulting
501 to 1K Employees","Headquarters near Versailles, France",91 Reviews137 Salaries151 Jobs
"https://www.glassdoor.com/Overview/Working-at-Lytt-EI_IE3047876.11,15.htm",3.8 ★,Lytt,,"Headquarters near Münster, Germany",4 Reviews10 Salaries0 Jobs
"https://www.glassdoor.com/Overview/Working-at-Laboratoires-Th%C3%A9a-EI_IE1132668.11,28.htm",3.9 ★,Laboratoires Théa,Biotech & Pharmaceuticals,"Headquarters near Clermont-Ferrand, France",23 Reviews46 Salaries25 Jobs
"https://www.glassdoor.com/Overview/Working-at-Lacoste-EI_IE111193.11,18.htm",3.9 ★,Lacoste,"Department, Clothing & Shoe Stores
5K to 10K Employees","Headquarters near Paris, France",1K Reviews2K Salaries211 Jobs
"https://www.glassdoor.com/Overview/Working-at-Lascaux-Italy-EI_IE3512696.11,24.htm",3.7 ★,Lascaux (Italy),51 to 200 Employees,"Headquarters near Arezzo, Italy",7 Reviews13 Salaries11 Jobs
"https://www.glassdoor.com/Overview/Working-at-Le-Pont-EI_IE4737048.11,18.htm",2.9 ★,Le Pont,1 to 50 Employees,"Headquarters near Levallois-Perret, France",3 Reviews8 Salaries0 Jobs
"https://www.glassdoor.com/Overview/Working-at-Lectra-EI_IE10777.11,17.htm",3.8 ★,Lectra,"Computer Hardware Development
1K to 5K Employees","Headquarters near Paris, France",231 Reviews330 Salaries10 Jobs
"https://www.glassdoor.com/Overview/Working-at-Material-EI_IE5355174.11,19.htm",2.7 ★,Material,"Business Consulting
1K to 5K Employees","Headquarters near Los Angeles, CA",142 Reviews397 Salaries9 Jobs
"https://www.glassdoor.com/Overview/Working-at-Lifen-EI_IE1036418.11,16.htm",4.7 ★,Lifen,"Information Technology Support Services
51 to 200 Employees","Headquarters near Paris, France",67 Reviews68 Salaries12 Jobs
"https://www.glassdoor.com/Overview/Working-at-Liminal-EI_IE2980872.11,18.htm",5.0 ★,Liminal,"Electronics Manufacturing
1 to 50 Employees","Headquarters near Emeryville, CA",5 Reviews7 Salaries11 Jobs
"https://www.glassdoor.com/Overview/Working-at-Lincoln-France-EI_IE1553057.11,25.htm",3.9 ★,Lincoln (France),"Business Consulting
201 to 500 Employees","Headquarters near Boulogne-Billancourt, France",20 Reviews26 Salaries27 Jobs
"https://www.glassdoor.com/Overview/Working-at-LittleBigCode-EI_IE4402197.11,24.htm",4.3 ★,LittleBigCode,"Business Consulting
1 to 50 Employees","Headquarters near Neuilly-sur-Seine, France",16 Reviews30 Salaries0 Jobs
"https://www.glassdoor.com/Overview/Working-at-Lity-EI_IE8170272.11,15.htm",1.0 ★,Lity,1 to 50 Employees,"Headquarters near Lyon, France",1 Reviews1 Salaries25 Jobs
"https://www.glassdoor.com/Overview/Working-at-LivePerson-EI_IE11463.11,21.htm",2.9 ★,LivePerson,"Enterprise Software & Network Solutions
1K to 5K Employees","Headquarters near New York, NY",775 Reviews1K Salaries48 Jobs
"https://www.glassdoor.com/Overview/Working-at-Lixo-EI_IE5478113.11,15.htm",5.0 ★,Lixo,1 to 50 Employees,"Headquarters near Paris, France",1 Reviews4 Salaries0 Jobs
"https://www.glassdoor.com/Overview/Working-at-Luko-EI_IE2281207.11,15.htm",4.2 ★,Luko,"Insurance Carriers
201 to 500 Employees","Headquarters near Paris, France",38 Reviews86 Salaries12 Jobs
"https://www.glassdoor.com/Overview/Working-at-Luxoft-EI_IE116344.11,17.htm",4.1 ★,Luxoft,"Information Technology Support Services
10K+ Employees","Headquarters near Zug, Switzerland",4K Reviews5K Salaries975 Jobs
"https://www.glassdoor.com/Overview/Working-at-Lynx-Group-EI_IE1304417.11,21.htm",3.9 ★,Lynx Group,51 to 200 Employees,"Headquarters near Padua, Italy",57 Reviews115 Salaries0 Jobs
"https://www.glassdoor.com/Overview/Working-at-M13h-EI_IE1613015.11,15.htm",,M13h,1 to 50 Employees,"Headquarters near Paris, France",0 Reviews9 Salaries0 Jobs
"https://www.glassdoor.com/Overview/Working-at-MAIF-EI_IE846077.11,15.htm",3.9 ★,MAIF,"Insurance Carriers
5K to 10K Employees","Headquarters near Niort, France",278 Reviews462 Salaries134 Jobs
"https://www.glassdoor.com/Overview/Working-at-Margo-EI_IE726972.11,16.htm",4.1 ★,Margo,"Computer Hardware Development
201 to 500 Employees","Headquarters near Paris, France",133 Reviews233 Salaries58 Jobs
"https://www.glassdoor.com/Overview/Working-at-Meritis-EI_IE1163008.11,18.htm",4.3 ★,Meritis,"Business Consulting
501 to 1K Employees","Headquarters near Paris, France",228 Reviews349 Salaries164 Jobs
"https://www.glassdoor.com/Overview/Working-at-MP-DATA-EI_IE4172186.11,18.htm",4.3 ★,MP DATA,"Business Consulting
51 to 200 Employees","Headquarters near Boulogne-Billancourt, France",14 Reviews23 Salaries4 Jobs
"https://www.glassdoor.com/Overview/Working-at-MWM-EI_IE1254065.11,14.htm",3.6 ★,MWM,"Computer Hardware Development
51 to 200 Employees","Headquarters near Boulogne-Billancourt, France",42 Reviews75 Salaries3 Jobs
"https://www.glassdoor.com/Overview/Working-at-MY-TRAFFIC-EI_IE1913871.11,21.htm",3.8 ★,MY TRAFFIC,"Computer Hardware Development
51 to 200 Employees","Headquarters near Paris, France",61 Reviews79 Salaries0 Jobs
"https://www.glassdoor.com/Overview/Working-at-Mailtrack-EI_IE3442394.11,20.htm",5.0 ★,Mailtrack,1 to 50 Employees,"Headquarters near Barcelona, Spain",2 Reviews7 Salaries0 Jobs
"https://www.glassdoor.com/Overview/Working-at-Malt-EI_IE1998345.11,15.htm",4.1 ★,Malt,"Wholesale
201 to 500 Employees","Headquarters near Paris, France",115 Reviews210 Salaries11 Jobs
"https://www.glassdoor.com/Overview/Working-at-Manty-EI_IE3158996.11,16.htm",4.8 ★,Manty,"Enterprise Software & Network Solutions
1 to 50 Employees","Headquarters near Paris, France",30 Reviews26 Salaries0 Jobs
"https://www.glassdoor.com/Overview/Working-at-Manutan-EI_IE10780.11,18.htm",3.9 ★,Manutan,"Office Supply & Copy Stores
1K to 5K Employees","Headquarters near Gonesse, France",141 Reviews211 Salaries4 Jobs
"https://www.glassdoor.com/Overview/Working-at-Mapbox-EI_IE870890.11,17.htm",3.6 ★,Mapbox,"Software Development
501 to 1K Employees","Headquarters near San Francisco, CA",265 Reviews467 Salaries0 Jobs
"https://www.glassdoor.com/Overview/Working-at-Alter-and-Go-EI_IE1276731.11,23.htm",3.8 ★,Alter&Go,"Business Consulting
51 to 200 Employees","Headquarters near Paris, France",11 Reviews16 Salaries11 Jobs
"https://www.glassdoor.com/Overview/Working-at-Meetic-EI_IE42392.11,17.htm",4.2 ★,Meetic,"Internet & Web Services
201 to 500 Employees","Headquarters near Paris, France",103 Reviews159 Salaries11 Jobs
"https://www.glassdoor.com/Overview/Working-at-M%C3%89TIGA-EI_IE5517892.11,17.htm",4.5 ★,MÉTIGA,,"Headquarters near Paris, France",2 Reviews5 Salaries88 Jobs
"https://www.glassdoor.com/Overview/Working-at-Metroscope-EI_IE6998617.11,21.htm",4.9 ★,Metroscope,"Software Development
51 to 200 Employees","Headquarters near Paris, France",11 Reviews13 Salaries0 Jobs
"https://www.glassdoor.com/Overview/Working-at-Michelin-EI_IE3294.11,19.htm",4.1 ★,Michelin,"Machinery Manufacturing
10K+ Employees","Headquarters near Greenville, SC",3K Reviews5K Salaries1K Jobs
"https://www.glassdoor.com/Overview/Working-at-Micropole-EI_IE373493.11,20.htm",4.0 ★,Micropole,"Business Consulting
1K to 5K Employees","Headquarters near Levallois-Perret, France",181 Reviews347 Salaries108 Jobs
"https://www.glassdoor.com/Overview/Working-at-Mirakl-EI_IE1147535.11,17.htm",4.3 ★,Mirakl,"Enterprise Software & Network Solutions
501 to 1K Employees","Headquarters near Boston, MA",340 Reviews483 Salaries44 Jobs
"https://www.glassdoor.com/Overview/Working-at-Moonshot-Insurance-EI_IE8629868.11,29.htm",,Moonshot Insurance,1 to 50 Employees,"Headquarters near Paris, France",0 Reviews4 Salaries0 Jobs
"https://www.glassdoor.com/Overview/Working-at-Motul-EI_IE371007.11,16.htm",3.9 ★,Motul,"Transportation Equipment Manufacturing
1 to 50 Employees","Headquarters near Mumbai, India",64 Reviews107 Salaries22 Jobs
"https://www.glassdoor.com/Overview/Working-at-My-Major-Switzerland-EI_IE7642000.11,31.htm",,My Major (Switzerland),,"Headquarters near Lausanne, Switzerland",0 Reviews0 Salaries0 Jobs
"https://www.glassdoor.com/Overview/Working-at-MYDRAL-EI_IE1857725.11,17.htm",3.4 ★,MYDRAL,51 to 200 Employees,"Headquarters near Paris, France",22 Reviews48 Salaries13 Jobs
"https://www.glassdoor.com/Overview/Working-at-MEDIAPERFORMANCES-EI_IE1133694.11,28.htm",3.3 ★,MEDIAPERFORMANCES,51 to 200 Employees,"Headquarters near Suresnes, France",9 Reviews15 Salaries11 Jobs
"https://www.glassdoor.com/Overview/Working-at-Nexton-EI_IE2903853.11,17.htm",4.9 ★,Nexton,"Staffing & Subcontracting
51 to 200 Employees","Headquarters near Miami, FL",46 Reviews9 Salaries0 Jobs
"https://www.glassdoor.com/Overview/Working-at-Natixis-EI_IE10682.11,18.htm",3.9 ★,Natixis,"Investment & Asset Management
10K+ Employees","Headquarters near Paris, France",3K Reviews4K Salaries284 Jobs
"https://www.glassdoor.com/Overview/Working-at-NeoLynk-EI_IE1494962.11,18.htm",3.0 ★,NeoLynk,"Enterprise Software & Network Solutions
1 to 50 Employees","Headquarters near Paris, France",13 Reviews20 Salaries0 Jobs
"https://www.glassdoor.com/Overview/Working-at-Neoxia-EI_IE924938.11,17.htm",4.6 ★,Neoxia,"Computer Hardware Development
51 to 200 Employees","Headquarters near Paris, France",53 Reviews88 Salaries4 Jobs
"https://www.glassdoor.com/Overview/Working-at-New-Relic-EI_IE461657.11,20.htm",3.8 ★,New Relic,"Computer Hardware Development
1K to 5K Employees","Headquarters near San Francisco, CA",1K Reviews2K Salaries33 Jobs
"https://www.glassdoor.com/Overview/Working-at-Nexity-EI_IE40160.11,17.htm",3.6 ★,Nexity,"Construction
5K to 10K Employees","Headquarters near Paris, France",329 Reviews768 Salaries126 Jobs
"https://www.glassdoor.com/Overview/Working-at-Nextra-EI_IE4360429.11,17.htm",5.0 ★,Nextra,1 to 50 Employees,"Headquarters near Pitampura, India",1 Reviews1 Salaries0 Jobs
"https://www.glassdoor.com/Overview/Working-at-Niji-EI_IE406032.11,15.htm",3.7 ★,Niji,"Information Technology Support Services
501 to 1K Employees","Headquarters near Rennes, France",281 Reviews650 Salaries193 Jobs
"https://www.glassdoor.com/Overview/Working-at-Numberly-1000mercis-group-EI_IE954411.11,36.htm",3.8 ★,Numberly (1000mercis group),"Advertising & Public Relations
201 to 500 Employees","Headquarters near Paris, France",342 Reviews517 Salaries58 Jobs
"https://www.glassdoor.com/Overview/Working-at-OCTO-Technology-EI_IE115174.11,26.htm",4.5 ★,OCTO Technology,"Information Technology Support Services
501 to 1K Employees","Headquarters near Paris, France",166 Reviews390 Salaries35 Jobs
"https://www.glassdoor.com/Overview/Working-at-OCUS-EI_IE2306900.11,15.htm",3.2 ★,OCUS,"Photography
51 to 200 Employees","Headquarters near Paris, France",129 Reviews141 Salaries0 Jobs
"https://www.glassdoor.com/Overview/Working-at-OSS-Ventures-EI_IE4744534.11,23.htm",5.0 ★,OSS Ventures,"Enterprise Software & Network Solutions
1 to 50 Employees","Headquarters near Paris, France",18 Reviews7 Salaries0 Jobs
"https://www.glassdoor.com/Overview/Working-at-Ovrsea-EI_IE2456129.11,17.htm",4.3 ★,Ovrsea,1 to 50 Employees,"Headquarters near Paris, France",62 Reviews82 Salaries6 Jobs
"https://www.glassdoor.com/Overview/Working-at-Octopus-Energy-EI_IE1482748.11,25.htm",4.1 ★,Octopus Energy,"Energy & Utilities
51 to 200 Employees","Headquarters near Houston, TX",629 Reviews1K Salaries398 Jobs
"https://www.glassdoor.com/Overview/Working-at-Ogury-EI_IE1019852.11,16.htm",3.8 ★,Ogury,"Advertising & Public Relations
201 to 500 Employees","Headquarters near London, United Kingdom",187 Reviews232 Salaries20 Jobs
"https://www.glassdoor.com/Overview/Working-at-Onogone-EI_IE2228503.11,18.htm",3.9 ★,Onogone,"Internet & Web Services
1 to 50 Employees","Headquarters near Paris, France",8 Reviews20 Salaries0 Jobs
"https://www.glassdoor.com/Overview/Working-at-Ontex-EI_IE933075.11,16.htm",3.6 ★,Ontex,"Consumer Product Manufacturing
10K+ Employees","Headquarters near Aalst, Belgium",353 Reviews551 Salaries79 Jobs
"https://www.glassdoor.com/Overview/Working-at-Oodrive-EI_IE896922.11,18.htm",4.0 ★,Oodrive,"Enterprise Software & Network Solutions
201 to 500 Employees","Headquarters near Paris, France",166 Reviews249 Salaries32 Jobs
"https://www.glassdoor.com/Overview/Working-at-Open-EI_IE13339.11,15.htm",3.8 ★,Open,"Architectural & Engineering Services
1K to 5K Employees","Headquarters near Levallois-Perret, France",688 Reviews1K Salaries261 Jobs
"https://www.glassdoor.com/Overview/Working-at-OpenAirlines-EI_IE1998254.11,23.htm",4.9 ★,OpenAirlines,"Aerospace & Defense
51 to 200 Employees","Headquarters near Toulouse, France",9 Reviews13 Salaries0 Jobs
"https://www.glassdoor.com/Overview/Working-at-OpenClassrooms-EI_IE1136889.11,25.htm",3.7 ★,OpenClassrooms,"Education & Training Services
201 to 500 Employees","Headquarters near Paris, France",190 Reviews313 Salaries9 Jobs
"https://www.glassdoor.com/Overview/Working-at-Opensee-EI_IE4880831.11,18.htm",3.7 ★,Opensee,1 to 50 Employees,"Headquarters near Paris, France",9 Reviews24 Salaries5 Jobs
"https://www.glassdoor.com/Overview/Working-at-Orange-EI_IE4075.11,17.htm",4.0 ★,Orange,"Telecommunications Services
10K+ Employees","Headquarters near Issy-les-Moulineaux, France",9K Reviews11K Salaries1K Jobs
,4.0 ★,Network Plus,,,
"https://www.glassdoor.com/Overview/Working-at-Ornikar-EI_IE1283716.11,18.htm",3.8 ★,Ornikar,"Education & Training Services
201 to 500 Employees","Headquarters near Paris, France",76 Reviews145 Salaries26 Jobs
"https://www.glassdoor.com/Overview/Working-at-Oscaro-EI_IE1024573.11,17.htm",3.0 ★,Oscaro,"Automotive Parts & Accessories Stores
201 to 500 Employees","Headquarters near Paris, France",51 Reviews106 Salaries0 Jobs
"https://www.glassdoor.com/Overview/Working-at-OWKIN-EI_IE1835200.11,16.htm",4.2 ★,OWKIN,"Biotech & Pharmaceuticals
201 to 500 Employees","Headquarters near New York, NY",31 Reviews49 Salaries0 Jobs
"https://www.glassdoor.com/Overview/Working-at-University-of-Texas-at-El-Paso-EI_IE30971.11,41.htm",4.1 ★,University of Texas at El Paso,"Colleges & Universities
1K to 5K Employees","Headquarters near El Paso, TX",767 Reviews1K Salaries89 Jobs
"https://www.glassdoor.com/Overview/Working-at-Persuaders-RH-EI_IE1327154.11,24.htm",4.1 ★,Persuaders RH,1 to 50 Employees,"Headquarters near Paris, France",16 Reviews12 Salaries135 Jobs
"https://www.glassdoor.com/Overview/Working-at-PELICO-EI_IE8352666.11,17.htm",,PELICO,"Enterprise Software & Network Solutions
1 to 50 Employees","Headquarters near Paris, France",2 Reviews1 Salaries0 Jobs
"https://www.glassdoor.com/Overview/Working-at-Picard-EI_IE807873.11,17.htm",3.7 ★,Picard,"Grocery Stores
1K to 5K Employees","Headquarters near Fontainebleau, France",228 Reviews287 Salaries202 Jobs
"https://www.glassdoor.com/Overview/Working-at-Pivot-EI_IE1375225.11,16.htm",3.6 ★,Pivot,"Health Care Services & Hospitals
1 to 50 Employees","Headquarters near Redwood City, CA",18 Reviews54 Salaries0 Jobs
"https://www.glassdoor.com/Overview/Working-at-Plain-Concepts-EI_IE715335.11,25.htm",3.8 ★,Plain Concepts,"Accounting & Tax
51 to 200 Employees","Headquarters near Seattle, WA",46 Reviews144 Salaries6 Jobs
"https://www.glassdoor.com/Overview/Working-at-Polyconseil-EI_IE1034916.11,22.htm",4.1 ★,Polyconseil,"Business Consulting
51 to 200 Employees","Headquarters near Paris, France",100 Reviews202 Salaries8 Jobs
"https://www.glassdoor.com/Overview/Working-at-Positive-Thinking-Company-EI_IE3349739.11,36.htm",3.7 ★,Positive Thinking Company,"Information Technology Support Services
1K to 5K Employees","Headquarters near Brussels, Belgium",379 Reviews532 Salaries14 Jobs
"https://www.glassdoor.com/Overview/Working-at-PowerUP-EI_IE4344378.11,18.htm",4.5 ★,PowerUP,1 to 50 Employees,"Headquarters near Tallinn, Estonia",4 Reviews7 Salaries0 Jobs
"https://www.glassdoor.com/Overview/Working-at-Pricemoov-EI_IE4147488.11,20.htm",3.6 ★,Pricemoov,1 to 50 Employees,"Headquarters near Paris, France",3 Reviews13 Salaries0 Jobs
"https://www.glassdoor.com/Overview/Working-at-Protex-AI-EI_IE7516043.11,20.htm",5.0 ★,Protex AI ,"Enterprise Software & Network Solutions
1 to 50 Employees","Headquarters near Dublin, Ireland",2 Reviews1 Salaries9 Jobs
"https://www.glassdoor.com/Overview/Working-at-Publicis-Activ-EI_IE4121021.11,25.htm",3.5 ★,Publicis Activ,51 to 200 Employees,"Headquarters near Bordeaux, France",2 Reviews6 Salaries2 Jobs
"https://www.glassdoor.com/Overview/Working-at-Publicis-Sapient-EI_IE1646026.11,27.htm",3.8 ★,Publicis Sapient,"Business Consulting
10K+ Employees","Headquarters near Boston, MA",9K Reviews14K Salaries674 Jobs
"https://www.glassdoor.com/Overview/Working-at-Qantev-EI_IE4475159.11,17.htm",5.0 ★,Qantev,1 to 50 Employees,"Headquarters near Paris, France",2 Reviews2 Salaries0 Jobs
"https://www.glassdoor.com/Overview/Working-at-Qonto-EI_IE1879266.11,16.htm",4.4 ★,Qonto,"Banking & Lending
1K to 5K Employees","Headquarters near Paris, France",184 Reviews340 Salaries39 Jobs
"https://www.glassdoor.com/Overview/Working-at-Quadratic-EI_IE8161315.11,20.htm",2.0 ★,Quadratic,1 to 50 Employees,"Headquarters near Paris, France",1 Reviews2 Salaries0 Jobs
"https://www.glassdoor.com/Overview/Working-at-QuantCube-Technology-EI_IE1172534.11,31.htm",3.8 ★,QuantCube Technology,"Research & Development
1 to 50 Employees","Headquarters near Paris, France",32 Reviews45 Salaries0 Jobs
"https://www.glassdoor.com/Overview/Working-at-Qwant-EI_IE1800170.11,16.htm",3.1 ★,Qwant,51 to 200 Employees,"Headquarters near Paris, France",21 Reviews46 Salaries0 Jobs
"https://www.glassdoor.com/Overview/Working-at-RAD%C3%A8S-Consulting-EI_IE1389498.11,27.htm",4.1 ★,RADèS Consulting,"Business Consulting
1 to 50 Employees","Headquarters near Paris, France",5 Reviews9 Salaries0 Jobs
"https://www.glassdoor.com/Overview/Working-at-RATP-Group-EI_IE846066.11,21.htm",3.7 ★,RATP Group,Taxi & Car Services,"Headquarters near Paris, France",697 Reviews1K Salaries14 Jobs
"https://www.glassdoor.com/Overview/Working-at-Grupo-RCA-EI_IE2659515.11,20.htm",3.7 ★,Grupo RCA,,,21 Reviews23 Salaries0 Jobs
"https://www.glassdoor.com/Overview/Working-at-RS2i-EI_IE1135564.11,15.htm",3.3 ★,RS2i,"Enterprise Software & Network Solutions
51 to 200 Employees","Headquarters near Levallois-Perret, France",15 Reviews28 Salaries11 Jobs
"https://www.glassdoor.com/Overview/Working-at-Rail-Europe-EI_IE22068.11,22.htm",3.9 ★,Rail Europe,"Rail Transportation
51 to 200 Employees","Headquarters near Puteaux, France",71 Reviews118 Salaries0 Jobs
"https://www.glassdoor.com/Overview/Working-at-Relativity-EI_IE1771815.11,21.htm",3.8 ★,Relativity,"Enterprise Software & Network Solutions
1K to 5K Employees","Headquarters near Chicago, IL",487 Reviews1K Salaries369 Jobs
"https://www.glassdoor.com/Overview/Working-at-Reply-EI_IE306932.11,16.htm",4.2 ★,Reply,"Information Technology Support Services
10K+ Employees","Headquarters near Turin, Italy",2K Reviews5K Salaries740 Jobs
,3.8 ★,Tech-Tech,,,
"https://www.glassdoor.com/Overview/Working-at-Reverso-Softissimo-EI_IE2197578.11,29.htm",3.5 ★,Reverso-Softissimo,"Internet & Web Services
1 to 50 Employees","Headquarters near Neuilly-sur-Seine, France",31 Reviews30 Salaries0 Jobs
"https://www.glassdoor.com/Overview/Working-at-Revolut-EI_IE1176471.11,18.htm",3.9 ★,Revolut,"Financial Transaction Processing
5K to 10K Employees","Headquarters near London, United Kingdom",2K Reviews3K Salaries84 Jobs
"https://www.glassdoor.com/Overview/Working-at-Rogervoice-EI_IE2887325.11,21.htm",5.0 ★,Rogervoice,1 to 50 Employees,"Headquarters near Paris, France",1 Reviews1 Salaries0 Jobs
"https://www.glassdoor.com/Overview/Working-at-R%C3%A6dy-EI_IE7010854.11,15.htm",5.0 ★,Rædy,"Information Technology Support Services
1 to 50 Employees","Headquarters near Neuilly-sur-Seine, France",4 Reviews2 Salaries0 Jobs
"https://www.glassdoor.com/Overview/Working-at-R%C3%B6dl-EI_IE6129797.11,15.htm",3.7 ★,Rödl,,"Headquarters near Neumarkt i. d. OPf., Germany",0 Reviews0 Salaries20 Jobs
"https://www.glassdoor.com/Overview/Working-at-Scub-EI_IE4872265.11,15.htm",5.0 ★,Scub,,"Headquarters near Angoulême, France",1 Reviews2 Salaries6 Jobs
"https://www.glassdoor.com/Overview/Working-at-secjur-EI_IE8422301.11,17.htm",,secjur,51 to 200 Employees,"Headquarters near Hamburg, Germany",0 Reviews2 Salaries9 Jobs
"https://www.glassdoor.com/Overview/Working-at-SSW-EI_IE818461.11,14.htm",4.0 ★,SSW,"Information Technology Support Services
1 to 50 Employees","Headquarters near Sydney, Australia",34 Reviews52 Salaries10 Jobs
"https://www.glassdoor.com/Overview/Working-at-Synology-EI_IE413038.11,19.htm",3.5 ★,Synology,"Computer Hardware Development
501 to 1K Employees","Headquarters near Taipei, Taiwan",247 Reviews393 Salaries11 Jobs
"https://www.glassdoor.com/Overview/Working-at-Sacem-Industries-EI_IE2260112.11,27.htm",3.5 ★,Sacem Industries,51 to 200 Employees,"Headquarters near Tunis, Tunisia",5 Reviews13 Salaries1 Jobs
"https://www.glassdoor.com/Overview/Working-at-Saegus-EI_IE1835105.11,17.htm",3.6 ★,Saegus,"Business Consulting
51 to 200 Employees","Headquarters near Paris, France",35 Reviews101 Salaries0 Jobs
"https://www.glassdoor.com/Overview/Working-at-Safeguard-Global-EI_IE765116.11,27.htm",3.6 ★,Safeguard Global,"Information Technology Support Services
501 to 1K Employees","Headquarters near West Lake Hills, TX",210 Reviews276 Salaries54 Jobs
"https://www.glassdoor.com/Overview/Working-at-Safran-Aircraft-Engines-EI_IE8781113.11,34.htm",4.2 ★,Safran Aircraft Engines,10K+ Employees,"Headquarters near Paris, France",22 Reviews43 Salaries0 Jobs
"https://www.glassdoor.com/Overview/Working-at-Scalian-EI_IE1692882.11,18.htm",4.0 ★,Scalian,"Enterprise Software & Network Solutions
5K to 10K Employees","Headquarters near Toulouse, France",727 Reviews1K Salaries412 Jobs
"https://www.glassdoor.com/Overview/Working-at-Schindler-EI_IE348676.11,20.htm",3.8 ★,Schindler,"Architectural & Engineering Services
10K+ Employees","Headquarters near Ebikon, Switzerland",2K Reviews3K Salaries939 Jobs
,3.8 ★,Seargin,,,
"https://www.glassdoor.com/Overview/Working-at-SEKOIA-IO-EI_IE2972719.11,20.htm",4.8 ★,SEKOIA.IO,"Enterprise Software & Network Solutions
51 to 200 Employees","Headquarters near Paris, France",18 Reviews18 Salaries0 Jobs
"https://www.glassdoor.com/Overview/Working-at-Seyna-EI_IE2599124.11,16.htm",5.0 ★,Seyna,1 to 50 Employees,"Headquarters near Paris, France",1 Reviews3 Salaries0 Jobs
"https://www.glassdoor.com/Overview/Working-at-Seyos-EI_IE4509760.11,16.htm",4.8 ★,Seyos,"HR Consulting
1 to 50 Employees","Headquarters near Nantes, France",14 Reviews22 Salaries239 Jobs
"https://www.glassdoor.com/Overview/Working-at-SHADOW-EI_IE584779.11,17.htm",3.7 ★,SHADOW,"Advertising & Public Relations
51 to 200 Employees","Headquarters near New York, NY",94 Reviews89 Salaries0 Jobs
"https://www.glassdoor.com/Overview/Working-at-Shape-it-EI_IE3649701.11,19.htm",4.8 ★,Shape it,"Information Technology Support Services
51 to 200 Employees","Headquarters near Lyon, France",18 Reviews15 Salaries35 Jobs
"https://www.glassdoor.com/Overview/Working-at-Shine-com-EI_IE872806.11,20.htm",4.4 ★,Shine.com,HR Consulting,"Headquarters near Gurgaon, India",315 Reviews219 Salaries0 Jobs
"https://www.glassdoor.com/Overview/Working-at-Silicon-Pearl-EI_IE5670744.11,24.htm",4.4 ★,Silicon Pearl,"Electronics Manufacturing
1 to 50 Employees","Headquarters near Maisons-Laffitte, France",5 Reviews9 Salaries40 Jobs
"https://www.glassdoor.com/Overview/Working-at-Sia-Partners-EI_IE663009.11,23.htm",3.9 ★,Sia Partners,"Business Consulting
1K to 5K Employees","Headquarters near Paris, France",922 Reviews2K Salaries306 Jobs
"https://www.glassdoor.com/Overview/Working-at-Sicara-EI_IE2138711.11,17.htm",4.7 ★,Sicara,"Business Consulting
1 to 50 Employees","Headquarters near Paris, France",11 Reviews29 Salaries0 Jobs
"https://www.glassdoor.com/Overview/Working-at-Side-By-Side-EI_IE622385.11,23.htm",3.4 ★,Side By Side,"Civic & Social Services
51 to 200 Employees","Headquarters near San Anselmo, CA",41 Reviews54 Salaries10 Jobs
"https://www.glassdoor.com/Overview/Working-at-Smartway-Argentina-EI_IE2717432.11,29.htm",3.8 ★,Smartway (Argentina),1 to 50 Employees,"Headquarters near Buenos Aires, Argentina",23 Reviews28 Salaries0 Jobs
"https://www.glassdoor.com/Overview/Working-at-Soci%C3%A9t%C3%A9-G%C3%A9n%C3%A9rale-EI_IE10350.11,27.htm",3.4 ★,Société Générale,"Investment & Asset Management
10K+ Employees","Headquarters near Paris, France",11K Reviews17K Salaries2K Jobs
"https://www.glassdoor.com/Overview/Working-at-SoftServe-EI_IE112486.11,20.htm",4.5 ★,SoftServe,"Software Development
10K+ Employees","Headquarters near Austin, TX",1K Reviews987 Salaries53 Jobs
"https://www.glassdoor.com/Overview/Working-at-Sopra-Banking-Software-EI_IE831779.11,33.htm",3.7 ★,Sopra Banking Software,"Software Development
1K to 5K Employees","Headquarters near Paris, France",612 Reviews1K Salaries89 Jobs
"https://www.glassdoor.com/Overview/Working-at-Sopra-Steria-EI_IE466295.11,23.htm",3.8 ★,Sopra Steria,"Information Technology Support Services
10K+ Employees","Headquarters near Annecy, France",7K Reviews11K Salaries2K Jobs
"https://www.glassdoor.com/Overview/Working-at-SoyHuCe-EI_IE3493192.11,18.htm",4.5 ★,SoyHuCe,"Enterprise Software & Network Solutions
1 to 50 Employees","Headquarters near Caen, France",15 Reviews12 Salaries6 Jobs
"https://www.glassdoor.com/Overview/Working-at-Spendesk-EI_IE1905076.11,19.htm",4.6 ★,Spendesk,"Information Technology Support Services
501 to 1K Employees","Headquarters near Paris, France",228 Reviews328 Salaries27 Jobs
"https://www.glassdoor.com/Overview/Working-at-Spinergie-EI_IE6482685.11,20.htm",5.0 ★,Spinergie,1 to 50 Employees,"Headquarters near Paris, France",1 Reviews3 Salaries0 Jobs
"https://www.glassdoor.com/Overview/Working-at-Square-Sense-EI_IE5039541.11,23.htm",,Square Sense,1 to 50 Employees,"Headquarters near Paris, France",0 Reviews3 Salaries0 Jobs
"https://www.glassdoor.com/Overview/Working-at-Stack-Labs-EI_IE5711082.11,21.htm",5.0 ★,Stack Labs,1 to 50 Employees,"Headquarters near Toulouse, France",2 Reviews12 Salaries0 Jobs
"https://www.glassdoor.com/Overview/Working-at-Xtime-EI_IE16009.11,16.htm",3.1 ★,Xtime,"Software Development
201 to 500 Employees","Headquarters near Mission, KS",60 Reviews91 Salaries384 Jobs
"https://www.glassdoor.com/Overview/Working-at-Stockly-EI_IE2185799.11,18.htm",4.8 ★,Stockly,"Other Retail Stores
51 to 200 Employees","Headquarters near Paris, France",22 Reviews24 Salaries0 Jobs
"https://www.glassdoor.com/Overview/Working-at-Stonal-EI_IE6961125.11,17.htm",3.4 ★,Stonal,51 to 200 Employees,"Headquarters near Paris, France",6 Reviews10 Salaries2 Jobs
"https://www.glassdoor.com/Overview/Working-at-SumUp-EI_IE673829.11,16.htm",3.6 ★,SumUp,"Financial Transaction Processing
1K to 5K Employees","Headquarters near London, United Kingdom",992 Reviews2K Salaries123 Jobs
"https://www.glassdoor.com/Overview/Working-at-Symphony-EI_IE718429.11,19.htm",3.8 ★,Symphony,"Enterprise Software & Network Solutions
201 to 500 Employees","Headquarters near Palo Alto, CA",190 Reviews277 Salaries2 Jobs
"https://www.glassdoor.com/Overview/Working-at-SYNAPSYS-Sri-Lanka-EI_IE2038247.11,29.htm",3.7 ★,SYNAPSYS (Sri Lanka),51 to 200 Employees,"Headquarters near Rajagiriya, Sri Lanka",26 Reviews27 Salaries6 Jobs
"https://www.glassdoor.com/Overview/Working-at-Synchrone-EI_IE936392.11,20.htm",4.0 ★,Synchrone,"Enterprise Software & Network Solutions
1K to 5K Employees","Headquarters near Paris, France",208 Reviews299 Salaries49 Jobs
"https://www.glassdoor.com/Overview/Working-at-Sysco-France-EI_IE3409526.11,23.htm",3.0 ★,Sysco France,501 to 1K Employees,"Headquarters near Chevilly-Larue, France",16 Reviews37 Salaries0 Jobs
"https://www.glassdoor.com/Overview/Working-at-TEHTRIS-EI_IE2984223.11,18.htm",2.2 ★,TEHTRIS,,"Headquarters near Paris, France",21 Reviews51 Salaries38 Jobs
"https://www.glassdoor.com/Overview/Working-at-The-Quantic-Factory-EI_IE7417524.11,30.htm",4.0 ★,The Quantic Factory,1 to 50 Employees,"Headquarters near Paris, France",2 Reviews2 Salaries0 Jobs
"https://www.glassdoor.com/Overview/Working-at-TREND-IT-EI_IE5319910.11,19.htm",4.4 ★,TREND-IT,1 to 50 Employees,"Headquarters near Paris, France",0 Reviews2 Salaries1 Jobs
"https://www.glassdoor.com/Overview/Working-at-TUI-Group-EI_IE950367.11,20.htm",3.4 ★,TUI Group,"Travel Agencies
10K+ Employees","Headquarters near Luton, United Kingdom",2K Reviews3K Salaries2K Jobs
"https://www.glassdoor.com/Overview/Working-at-TapNation-EI_IE4358361.11,20.htm",3.8 ★,TapNation,1 to 50 Employees,"Headquarters near Paris, France",4 Reviews11 Salaries4 Jobs
"https://www.glassdoor.com/Overview/Working-at-Templeton-and-Partners-EI_IE1461403.11,33.htm",3.9 ★,Templeton & Partners,"HR Consulting
51 to 200 Employees","Headquarters near London, United Kingdom",53 Reviews58 Salaries6 Jobs
"https://www.glassdoor.com/Overview/Working-at-Thales-EI_IE10358.11,17.htm",3.7 ★,Thales,"Aerospace & Defense
1K to 5K Employees","Headquarters near Arlington, VA",7K Reviews12K Salaries4K Jobs
"https://www.glassdoor.com/Overview/Working-at-The-Information-Lab-EI_IE2252303.11,30.htm",4.8 ★,The Information Lab,"Information Technology Support Services
51 to 200 Employees","Headquarters near London, United Kingdom",60 Reviews192 Salaries26 Jobs
"https://www.glassdoor.com/Overview/Working-at-TheraPanacea-EI_IE3011980.11,23.htm",3.5 ★,TheraPanacea,1 to 50 Employees,"Headquarters near Paris, France",5 Reviews15 Salaries0 Jobs
"https://www.glassdoor.com/Overview/Working-at-Th%C3%A9lio-France-EI_IE2550606.11,24.htm",4.0 ★,Thélio (France),"Information Technology Support Services
1 to 50 Employees","Headquarters near Pessac, France",0 Reviews0 Salaries2 Jobs
"https://www.glassdoor.com/Overview/Working-at-TotalEnergies-EI_IE1038.11,24.htm",3.9 ★,TotalEnergies,"Energy & Utilities
10K+ Employees","Headquarters near Paris, France",5K Reviews7K Salaries1K Jobs
"https://www.glassdoor.com/Overview/Working-at-Tribun-Network-EI_IE8832987.11,25.htm",4.0 ★,Tribun Network,1K to 5K Employees,"Headquarters near Jakarta, Indonesia",0 Reviews3 Salaries0 Jobs
"https://www.glassdoor.com/Overview/Working-at-Trustpair-EI_IE2195346.11,20.htm",4.2 ★,Trustpair,"Enterprise Software & Network Solutions
51 to 200 Employees","Headquarters near Paris, France",58 Reviews51 Salaries20 Jobs
"https://www.glassdoor.com/Overview/Working-at-U-GIE-IRIS-EI_IE1942170.11,21.htm",3.4 ★,U GIE IRIS,"Information Technology Support Services
201 to 500 Employees","Headquarters near Carquefou, France",17 Reviews48 Salaries0 Jobs
"https://www.glassdoor.com/Overview/Working-at-Vaisala-EI_IE31453.11,18.htm",4.1 ★,Vaisala,"Electronics Manufacturing
1K to 5K Employees","Headquarters near Vantaa, Finland",146 Reviews230 Salaries24 Jobs
"https://www.glassdoor.com/Overview/Working-at-Vialink-EI_IE1616155.11,18.htm",3.6 ★,Vialink,1 to 50 Employees,"Headquarters near Joinville-le-Pont, France",9 Reviews24 Salaries7 Jobs
"https://www.glassdoor.com/Overview/Working-at-Valtech-EI_IE12266.11,18.htm",4.2 ★,Valtech,"Information Technology Support Services
5K to 10K Employees","Headquarters near Bengaluru, India",929 Reviews2K Salaries0 Jobs
"https://www.glassdoor.com/Overview/Working-at-Veesion-EI_IE5164848.11,18.htm",3.5 ★,Veesion,1 to 50 Employees,"Headquarters near Paris, France",15 Reviews22 Salaries0 Jobs
"https://www.glassdoor.com/Overview/Working-at-Veolia-EI_IE20114.11,17.htm",3.9 ★,Veolia,"Energy & Utilities
10K+ Employees","Headquarters near Paris, France",3K Reviews5K Salaries3K Jobs
"https://www.glassdoor.com/Overview/Working-at-Veza-EI_IE7438914.11,15.htm",3.8 ★,Veza ,"Enterprise Software & Network Solutions
51 to 200 Employees","Headquarters near Los Gatos, CA",42 Reviews31 Salaries8 Jobs
"https://www.glassdoor.com/Overview/Working-at-Vianova-spa-EI_IE3227635.11,22.htm",4.6 ★,Vianova spa,51 to 200 Employees,"Headquarters near Massarosa, Italy",5 Reviews14 Salaries5 Jobs
"https://www.glassdoor.com/Overview/Working-at-Virtual-IT-Consulting-EI_IE4527807.11,32.htm",,Virtual IT Consulting,Information Technology Support Services,"Headquarters near Westlake Village, CA",0 Reviews1 Salaries45 Jobs
"https://www.glassdoor.com/Overview/Working-at-Visian-EI_IE2897722.11,17.htm",5.0 ★,Visian,,"Headquarters near Levallois-Perret, France",1 Reviews6 Salaries56 Jobs
"https://www.glassdoor.com/Overview/Working-at-Vizcab-EI_IE8113601.11,17.htm",,Vizcab,1 to 50 Employees,"Headquarters near Lyon, France",0 Reviews1 Salaries0 Jobs
"https://www.glassdoor.com/Overview/Working-at-Vizzit-EI_IE6942027.11,17.htm",3.7 ★,Vizzit,1 to 50 Employees,"Headquarters near Paris, France",3 Reviews6 Salaries0 Jobs
"https://www.glassdoor.com/Overview/Working-at-Voltalis-EI_IE1137552.11,19.htm",3.4 ★,Voltalis,"Energy & Utilities
51 to 200 Employees","Headquarters near Paris, France",20 Reviews33 Salaries60 Jobs
"https://www.glassdoor.com/Overview/Working-at-Voodoo-EI_IE1889746.11,17.htm",4.3 ★,Voodoo,"Internet & Web Services
501 to 1K Employees","Headquarters near Paris, France",192 Reviews284 Salaries48 Jobs
"https://www.glassdoor.com/Overview/Working-at-Voyage-Priv%C3%A9-EI_IE721746.11,23.htm",3.3 ★,Voyage Privé,"Travel Agencies
201 to 500 Employees","Headquarters near Aix-en-Provence, France",163 Reviews276 Salaries23 Jobs
"https://www.glassdoor.com/Overview/Working-at-Winamax-EI_IE750863.11,18.htm",4.1 ★,Winamax,"Gambling
201 to 500 Employees","Headquarters near Paris, France",27 Reviews62 Salaries2 Jobs
"https://www.glassdoor.com/Overview/Working-at-Wakeo-EI_IE4529317.11,16.htm",5.0 ★,Wakeo,1 to 50 Employees,"Headquarters near Paris, France",1 Reviews8 Salaries0 Jobs
"https://www.glassdoor.com/Overview/Working-at-WayKonect-EI_IE2109183.11,20.htm",4.5 ★,WayKonect,1 to 50 Employees,"Headquarters near Lille, Estonia",9 Reviews8 Salaries0 Jobs
"https://www.glassdoor.com/Overview/Working-at-Weborama-EI_IE1027805.11,19.htm",4.1 ★,Weborama,"Internet & Web Services
201 to 500 Employees","Headquarters near Paris, France",45 Reviews84 Salaries0 Jobs
"https://www.glassdoor.com/Overview/Working-at-Weglot-EI_IE1829795.11,17.htm",5.0 ★,Weglot,"Information Technology Support Services
1 to 50 Employees","Headquarters near Paris, France",31 Reviews29 Salaries0 Jobs
"https://www.glassdoor.com/Overview/Working-at-Welcome-to-the-Jungle-EI_IE2888749.11,32.htm",4.3 ★,Welcome to the Jungle,"Publishing
201 to 500 Employees","Headquarters near Paris, France",78 Reviews102 Salaries5 Jobs
"https://www.glassdoor.com/Overview/Working-at-WeWyse-EI_IE3667619.11,17.htm",4.6 ★,WeWyse,1 to 50 Employees,"Headquarters near Paris, France",16 Reviews17 Salaries0 Jobs
"https://www.glassdoor.com/Overview/Working-at-Withings-EI_IE1023078.11,19.htm",4.0 ★,Withings,"Health Care Products Manufacturing
201 to 500 Employees","Headquarters near Issy-les-Moulineaux, France",103 Reviews159 Salaries54 Jobs
"https://www.glassdoor.com/Overview/Working-at-Workwise-GmbH-EI_IE5629309.11,24.htm",4.7 ★,Workwise GmbH,"HR Consulting
201 to 500 Employees","Headquarters near Karlsruhe, Germany",17 Reviews66 Salaries9K Jobs
"https://www.glassdoor.com/Overview/Working-at-X-FAB-Silicon-Foundries-EI_IE22786.11,34.htm",3.8 ★,X-FAB Silicon Foundries,"Electronics Manufacturing
1K to 5K Employees","Headquarters near Tessenderlo, Belgium",112 Reviews183 Salaries33 Jobs
"https://www.glassdoor.com/Overview/Working-at-XXII-EI_IE1945020.11,15.htm",4.0 ★,XXII,"Software Development
51 to 200 Employees","Headquarters near Puteaux, France",25 Reviews38 Salaries0 Jobs
"https://www.glassdoor.com/Overview/Working-at-YZR-EI_IE8192669.11,14.htm",4.0 ★,YZR,1 to 50 Employees,"Headquarters near Paris, France",3 Reviews4 Salaries0 Jobs
"https://www.glassdoor.com/Overview/Working-at-Yavin-EI_IE7781975.11,16.htm",5.0 ★,Yavin,1 to 50 Employees,"Headquarters near Paris, France",5 Reviews6 Salaries0 Jobs
"https://www.glassdoor.com/Overview/Working-at-Yodha-Nepalese-Vedic-Center-EI_IE4701361.11,38.htm",3.5 ★,Yodha Nepalese Vedic Center,201 to 500 Employees,"Headquarters near Kathmandu, Nepal",4 Reviews2 Salaries0 Jobs
"https://www.glassdoor.com/Overview/Working-at-Zeliq-EI_IE8704975.11,16.htm",4.8 ★,Zeliq,1 to 50 Employees,"Headquarters near Paris, France",13 Reviews9 Salaries0 Jobs
"https://www.glassdoor.com/Overview/Working-at-Zama-EI_IE2563180.11,15.htm",3.1 ★,Zama,1 to 50 Employees,"Headquarters near Portland, OR",12 Reviews29 Salaries0 Jobs
"https://www.glassdoor.com/Overview/Working-at-Zenika-EI_IE1014546.11,17.htm",4.4 ★,Zenika,"Information Technology Support Services
201 to 500 Employees","Headquarters near Paris, France",103 Reviews229 Salaries7 Jobs
"https://www.glassdoor.com/Overview/Working-at-Asap-work-EI_IE8964623.11,20.htm",,Asap.work,"Staffing & Subcontracting
51 to 200 Employees","Headquarters near Paris, France",0 Reviews2 Salaries21 Jobs
"https://www.glassdoor.com/Overview/Working-at-dFakto-EI_IE1572053.11,17.htm",4.0 ★,dFakto,1 to 50 Employees,"Headquarters near Brussels, Belgium",7 Reviews15 Salaries0 Jobs
"https://www.glassdoor.com/Overview/Working-at-delaware-EI_IE636098.11,19.htm",4.3 ★,delaware,"Information Technology Support Services
1K to 5K Employees","Headquarters near Kortrijk, Belgium",401 Reviews719 Salaries327 Jobs
"https://www.glassdoor.com/Overview/Working-at-Evoteo-EI_IE5314846.11,17.htm",3.8 ★,Evoteo,1 to 50 Employees,"Headquarters near Lyon, France",6 Reviews5 Salaries9 Jobs
"https://www.glassdoor.com/Overview/Working-at-IKA-EI_IE263648.11,14.htm",4.4 ★,IKA,"Biotech & Pharmaceuticals
51 to 200 Employees","Headquarters near Staufen im Breisgau, Germany",94 Reviews99 Salaries43 Jobs
"https://www.glassdoor.com/Overview/Working-at-itemis-AG-EI_IE991439.11,20.htm",4.3 ★,itemis AG,"Information Technology Support Services
201 to 500 Employees","Headquarters near Lünen, Germany",38 Reviews63 Salaries17 Jobs
"https://www.glassdoor.com/Overview/Working-at-lempire-EI_IE5033508.11,18.htm",4.0 ★,lempire,"Internet & Web Services
51 to 200 Employees","Headquarters near Paris, France",31 Reviews33 Salaries0 Jobs
"https://www.glassdoor.com/Overview/Working-at-LesFurets-com-EI_IE1344638.11,24.htm",4.5 ★,LesFurets.com,"Insurance Agencies & Brokerages
51 to 200 Employees","Headquarters near Paris, France",52 Reviews54 Salaries0 Jobs
"https://www.glassdoor.com/Overview/Working-at-PlusServer-EI_IE1287533.11,21.htm",3.2 ★,PlusServer,"Information Technology Support Services
201 to 500 Employees","Headquarters near Cologne, Germany",16 Reviews41 Salaries0 Jobs
"https://www.glassdoor.com/Overview/Working-at-RelevanC-EI_IE2861390.11,19.htm",4.0 ★,RelevanC,"Advertising & Public Relations
51 to 200 Employees","Headquarters near Paris, France",24 Reviews46 Salaries0 Jobs
"https://www.glassdoor.com/Overview/Working-at-Skiils-EI_IE7134279.11,17.htm",4.6 ★,Skiils,"Business Consulting
1 to 50 Employees","Headquarters near Puteaux, France",10 Reviews11 Salaries8 Jobs
"https://www.glassdoor.com/Overview/Working-at-top-itservices-EI_IE946922.11,25.htm",3.3 ★,top itservices,"Information Technology Support Services
1K to 5K Employees","Headquarters near Unterhaching, Germany",73 Reviews92 Salaries460 Jobs
